"date","hits","keyword","geo","gprop","category"
2004-01-01,"98","digital india","IN","web",0
2004-02-01,"85","digital india","IN","web",0
2004-03-01,"77","digital india","IN","web",0
2004-04-01,"91","digital india","IN","web",0
2004-05-01,"50","digital india","IN","web",0
2004-06-01,"67","digital india","IN","web",0
2004-07-01,"62","digital india","IN","web",0
2004-08-01,"65","digital india","IN","web",0
2004-09-01,"85","digital india","IN","web",0
2004-10-01,"76","digital india","IN","web",0
2004-11-01,"73","digital india","IN","web",0
2004-12-01,"76","digital india","IN","web",0
2005-01-01,"57","digital india","IN","web",0
2005-02-01,"70","digital india","IN","web",0
2005-03-01,"70","digital india","IN","web",0
2005-04-01,"59","digital india","IN","web",0
2005-05-01,"61","digital india","IN","web",0
2005-06-01,"60","digital india","IN","web",0
2005-07-01,"64","digital india","IN","web",0
2005-08-01,"64","digital india","IN","web",0
2005-09-01,"54","digital india","IN","web",0
2005-10-01,"63","digital india","IN","web",0
2005-11-01,"58","digital india","IN","web",0
2005-12-01,"75","digital india","IN","web",0
2006-01-01,"63","digital india","IN","web",0
2006-02-01,"65","digital india","IN","web",0
2006-03-01,"57","digital india","IN","web",0
2006-04-01,"70","digital india","IN","web",0
2006-05-01,"59","digital india","IN","web",0
2006-06-01,"58","digital india","IN","web",0
2006-07-01,"51","digital india","IN","web",0
2006-08-01,"58","digital india","IN","web",0
2006-09-01,"55","digital india","IN","web",0
2006-10-01,"63","digital india","IN","web",0
2006-11-01,"58","digital india","IN","web",0
2006-12-01,"55","digital india","IN","web",0
2007-01-01,"60","digital india","IN","web",0
2007-02-01,"46","digital india","IN","web",0
2007-03-01,"53","digital india","IN","web",0
2007-04-01,"49","digital india","IN","web",0
2007-05-01,"55","digital india","IN","web",0
2007-06-01,"47","digital india","IN","web",0
2007-07-01,"51","digital india","IN","web",0
2007-08-01,"52","digital india","IN","web",0
2007-09-01,"51","digital india","IN","web",0
2007-10-01,"56","digital india","IN","web",0
2007-11-01,"54","digital india","IN","web",0
2007-12-01,"56","digital india","IN","web",0
2008-01-01,"50","digital india","IN","web",0
2008-02-01,"44","digital india","IN","web",0
2008-03-01,"49","digital india","IN","web",0
2008-04-01,"48","digital india","IN","web",0
2008-05-01,"47","digital india","IN","web",0
2008-06-01,"47","digital india","IN","web",0
2008-07-01,"46","digital india","IN","web",0
2008-08-01,"46","digital india","IN","web",0
2008-09-01,"49","digital india","IN","web",0
2008-10-01,"59","digital india","IN","web",0
2008-11-01,"51","digital india","IN","web",0
2008-12-01,"53","digital india","IN","web",0
2009-01-01,"48","digital india","IN","web",0
2009-02-01,"50","digital india","IN","web",0
2009-03-01,"43","digital india","IN","web",0
2009-04-01,"63","digital india","IN","web",0
2009-05-01,"70","digital india","IN","web",0
2009-06-01,"63","digital india","IN","web",0
2009-07-01,"66","digital india","IN","web",0
2009-08-01,"68","digital india","IN","web",0
2009-09-01,"86","digital india","IN","web",0
2009-10-01,"100","digital india","IN","web",0
2009-11-01,"79","digital india","IN","web",0
2009-12-01,"85","digital india","IN","web",0
2010-01-01,"96","digital india","IN","web",0
2010-02-01,"85","digital india","IN","web",0
2010-03-01,"84","digital india","IN","web",0
2010-04-01,"85","digital india","IN","web",0
2010-05-01,"93","digital india","IN","web",0
2010-06-01,"79","digital india","IN","web",0
2010-07-01,"70","digital india","IN","web",0
2010-08-01,"76","digital india","IN","web",0
2010-09-01,"76","digital india","IN","web",0
2010-10-01,"98","digital india","IN","web",0
2010-11-01,"86","digital india","IN","web",0
2010-12-01,"75","digital india","IN","web",0
2011-01-01,"59","digital india","IN","web",0
2011-02-01,"57","digital india","IN","web",0
2011-03-01,"55","digital india","IN","web",0
2011-04-01,"58","digital india","IN","web",0
2011-05-01,"54","digital india","IN","web",0
2011-06-01,"54","digital india","IN","web",0
2011-07-01,"52","digital india","IN","web",0
2011-08-01,"54","digital india","IN","web",0
2011-09-01,"53","digital india","IN","web",0
2011-10-01,"60","digital india","IN","web",0
2011-11-01,"42","digital india","IN","web",0
2011-12-01,"39","digital india","IN","web",0
2012-01-01,"40","digital india","IN","web",0
2012-02-01,"36","digital india","IN","web",0
2012-03-01,"33","digital india","IN","web",0
2012-04-01,"35","digital india","IN","web",0
2012-05-01,"34","digital india","IN","web",0
2012-06-01,"34","digital india","IN","web",0
2012-07-01,"34","digital india","IN","web",0
2012-08-01,"37","digital india","IN","web",0
2012-09-01,"36","digital india","IN","web",0
2012-10-01,"37","digital india","IN","web",0
2012-11-01,"37","digital india","IN","web",0
2012-12-01,"32","digital india","IN","web",0
2013-01-01,"31","digital india","IN","web",0
2013-02-01,"32","digital india","IN","web",0
2013-03-01,"32","digital india","IN","web",0
2013-04-01,"31","digital india","IN","web",0
2013-05-01,"29","digital india","IN","web",0
2013-06-01,"27","digital india","IN","web",0
2013-07-01,"28","digital india","IN","web",0
2013-08-01,"28","digital india","IN","web",0
2013-09-01,"30","digital india","IN","web",0
2013-10-01,"33","digital india","IN","web",0
2013-11-01,"28","digital india","IN","web",0
2013-12-01,"23","digital india","IN","web",0
2014-01-01,"22","digital india","IN","web",0
2014-02-01,"21","digital india","IN","web",0
2014-03-01,"22","digital india","IN","web",0
2014-04-01,"20","digital india","IN","web",0
2014-05-01,"19","digital india","IN","web",0
2014-06-01,"19","digital india","IN","web",0
2014-07-01,"22","digital india","IN","web",0
2014-08-01,"26","digital india","IN","web",0
2014-09-01,"27","digital india","IN","web",0
2014-10-01,"27","digital india","IN","web",0
2014-11-01,"24","digital india","IN","web",0
2014-12-01,"25","digital india","IN","web",0
2015-01-01,"26","digital india","IN","web",0
2015-02-01,"25","digital india","IN","web",0
2015-03-01,"22","digital india","IN","web",0
2015-04-01,"21","digital india","IN","web",0
2015-05-01,"20","digital india","IN","web",0
2015-06-01,"27","digital india","IN","web",0
2015-07-01,"88","digital india","IN","web",0
2015-08-01,"32","digital india","IN","web",0
2015-09-01,"89","digital india","IN","web",0
2015-10-01,"53","digital india","IN","web",0
2015-11-01,"36","digital india","IN","web",0
2015-12-01,"34","digital india","IN","web",0
2016-01-01,"34","digital india","IN","web",0
2016-02-01,"34","digital india","IN","web",0
2016-03-01,"25","digital india","IN","web",0
2016-04-01,"25","digital india","IN","web",0
2016-05-01,"25","digital india","IN","web",0
2016-06-01,"33","digital india","IN","web",0
2016-07-01,"28","digital india","IN","web",0
2016-08-01,"29","digital india","IN","web",0
2016-09-01,"37","digital india","IN","web",0
2016-10-01,"30","digital india","IN","web",0
2016-11-01,"28","digital india","IN","web",0
2016-12-01,"32","digital india","IN","web",0
2017-01-01,"40","digital india","IN","web",0
2017-02-01,"34","digital india","IN","web",0
2017-03-01,"30","digital india","IN","web",0
2017-04-01,"26","digital india","IN","web",0
2017-05-01,"26","digital india","IN","web",0
2017-06-01,"28","digital india","IN","web",0
2017-07-01,"27","digital india","IN","web",0
2017-08-01,"32","digital india","IN","web",0
2017-09-01,"31","digital india","IN","web",0
2017-10-01,"30","digital india","IN","web",0
2017-11-01,"32","digital india","IN","web",0
2017-12-01,"32","digital india","IN","web",0
2018-01-01,"33","digital india","IN","web",0
2018-02-01,"32","digital india","IN","web",0
2018-03-01,"29","digital india","IN","web",0
2018-04-01,"25","digital india","IN","web",0
2018-05-01,"26","digital india","IN","web",0
2018-06-01,"28","digital india","IN","web",0
2018-07-01,"28","digital india","IN","web",0
2018-08-01,"27","digital india","IN","web",0
2018-09-01,"24","digital india","IN","web",0
2018-10-01,"22","digital india","IN","web",0
2018-11-01,"19","digital india","IN","web",0
2018-12-01,"20","digital india","IN","web",0
2004-01-01,"76","digitalization","IN","web",0
2004-02-01,"0","digitalization","IN","web",0
2004-03-01,"96","digitalization","IN","web",0
2004-04-01,"0","digitalization","IN","web",0
2004-05-01,"62","digitalization","IN","web",0
2004-06-01,"0","digitalization","IN","web",0
2004-07-01,"55","digitalization","IN","web",0
2004-08-01,"52","digitalization","IN","web",0
2004-09-01,"0","digitalization","IN","web",0
2004-10-01,"0","digitalization","IN","web",0
2004-11-01,"0","digitalization","IN","web",0
2004-12-01,"100","digitalization","IN","web",0
2005-01-01,"48","digitalization","IN","web",0
2005-02-01,"0","digitalization","IN","web",0
2005-03-01,"41","digitalization","IN","web",0
2005-04-01,"0","digitalization","IN","web",0
2005-05-01,"0","digitalization","IN","web",0
2005-06-01,"38","digitalization","IN","web",0
2005-07-01,"36","digitalization","IN","web",0
2005-08-01,"0","digitalization","IN","web",0
2005-09-01,"0","digitalization","IN","web",0
2005-10-01,"0","digitalization","IN","web",0
2005-11-01,"0","digitalization","IN","web",0
2005-12-01,"31","digitalization","IN","web",0
2006-01-01,"29","digitalization","IN","web",0
2006-02-01,"0","digitalization","IN","web",0
2006-03-01,"52","digitalization","IN","web",0
2006-04-01,"0","digitalization","IN","web",0
2006-05-01,"0","digitalization","IN","web",0
2006-06-01,"0","digitalization","IN","web",0
2006-07-01,"22","digitalization","IN","web",0
2006-08-01,"21","digitalization","IN","web",0
2006-09-01,"0","digitalization","IN","web",0
2006-10-01,"22","digitalization","IN","web",0
2006-11-01,"20","digitalization","IN","web",0
2006-12-01,"0","digitalization","IN","web",0
2007-01-01,"18","digitalization","IN","web",0
2007-02-01,"0","digitalization","IN","web",0
2007-03-01,"16","digitalization","IN","web",0
2007-04-01,"16","digitalization","IN","web",0
2007-05-01,"13","digitalization","IN","web",0
2007-06-01,"0","digitalization","IN","web",0
2007-07-01,"0","digitalization","IN","web",0
2007-08-01,"0","digitalization","IN","web",0
2007-09-01,"0","digitalization","IN","web",0
2007-10-01,"12","digitalization","IN","web",0
2007-11-01,"24","digitalization","IN","web",0
2007-12-01,"12","digitalization","IN","web",0
2008-01-01,"11","digitalization","IN","web",0
2008-02-01,"22","digitalization","IN","web",0
2008-03-01,"0","digitalization","IN","web",0
2008-04-01,"0","digitalization","IN","web",0
2008-05-01,"0","digitalization","IN","web",0
2008-06-01,"19","digitalization","IN","web",0
2008-07-01,"9","digitalization","IN","web",0
2008-08-01,"0","digitalization","IN","web",0
2008-09-01,"18","digitalization","IN","web",0
2008-10-01,"9","digitalization","IN","web",0
2008-11-01,"18","digitalization","IN","web",0
2008-12-01,"17","digitalization","IN","web",0
2009-01-01,"8","digitalization","IN","web",0
2009-02-01,"17","digitalization","IN","web",0
2009-03-01,"8","digitalization","IN","web",0
2009-04-01,"12","digitalization","IN","web",0
2009-05-01,"0","digitalization","IN","web",0
2009-06-01,"7","digitalization","IN","web",0
2009-07-01,"7","digitalization","IN","web",0
2009-08-01,"14","digitalization","IN","web",0
2009-09-01,"14","digitalization","IN","web",0
2009-10-01,"7","digitalization","IN","web",0
2009-11-01,"7","digitalization","IN","web",0
2009-12-01,"7","digitalization","IN","web",0
2010-01-01,"6","digitalization","IN","web",0
2010-02-01,"7","digitalization","IN","web",0
2010-03-01,"9","digitalization","IN","web",0
2010-04-01,"6","digitalization","IN","web",0
2010-05-01,"6","digitalization","IN","web",0
2010-06-01,"0","digitalization","IN","web",0
2010-07-01,"5","digitalization","IN","web",0
2010-08-01,"5","digitalization","IN","web",0
2010-09-01,"8","digitalization","IN","web",0
2010-10-01,"5","digitalization","IN","web",0
2010-11-01,"0","digitalization","IN","web",0
2010-12-01,"5","digitalization","IN","web",0
2011-01-01,"6","digitalization","IN","web",0
2011-02-01,"5","digitalization","IN","web",0
2011-03-01,"8","digitalization","IN","web",0
2011-04-01,"2","digitalization","IN","web",0
2011-05-01,"6","digitalization","IN","web",0
2011-06-01,"3","digitalization","IN","web",0
2011-07-01,"7","digitalization","IN","web",0
2011-08-01,"2","digitalization","IN","web",0
2011-09-01,"6","digitalization","IN","web",0
2011-10-01,"2","digitalization","IN","web",0
2011-11-01,"4","digitalization","IN","web",0
2011-12-01,"3","digitalization","IN","web",0
2012-01-01,"4","digitalization","IN","web",0
2012-02-01,"8","digitalization","IN","web",0
2012-03-01,"10","digitalization","IN","web",0
2012-04-01,"8","digitalization","IN","web",0
2012-05-01,"9","digitalization","IN","web",0
2012-06-01,"12","digitalization","IN","web",0
2012-07-01,"8","digitalization","IN","web",0
2012-08-01,"3","digitalization","IN","web",0
2012-09-01,"14","digitalization","IN","web",0
2012-10-01,"26","digitalization","IN","web",0
2012-11-01,"16","digitalization","IN","web",0
2012-12-01,"6","digitalization","IN","web",0
2013-01-01,"9","digitalization","IN","web",0
2013-02-01,"7","digitalization","IN","web",0
2013-03-01,"19","digitalization","IN","web",0
2013-04-01,"16","digitalization","IN","web",0
2013-05-01,"4","digitalization","IN","web",0
2013-06-01,"5","digitalization","IN","web",0
2013-07-01,"5","digitalization","IN","web",0
2013-08-01,"2","digitalization","IN","web",0
2013-09-01,"7","digitalization","IN","web",0
2013-10-01,"4","digitalization","IN","web",0
2013-11-01,"5","digitalization","IN","web",0
2013-12-01,"4","digitalization","IN","web",0
2014-01-01,"4","digitalization","IN","web",0
2014-02-01,"3","digitalization","IN","web",0
2014-03-01,"5","digitalization","IN","web",0
2014-04-01,"5","digitalization","IN","web",0
2014-05-01,"4","digitalization","IN","web",0
2014-06-01,"5","digitalization","IN","web",0
2014-07-01,"4","digitalization","IN","web",0
2014-08-01,"7","digitalization","IN","web",0
2014-09-01,"3","digitalization","IN","web",0
2014-10-01,"6","digitalization","IN","web",0
2014-11-01,"4","digitalization","IN","web",0
2014-12-01,"6","digitalization","IN","web",0
2015-01-01,"7","digitalization","IN","web",0
2015-02-01,"8","digitalization","IN","web",0
2015-03-01,"5","digitalization","IN","web",0
2015-04-01,"7","digitalization","IN","web",0
2015-05-01,"7","digitalization","IN","web",0
2015-06-01,"8","digitalization","IN","web",0
2015-07-01,"11","digitalization","IN","web",0
2015-08-01,"8","digitalization","IN","web",0
2015-09-01,"14","digitalization","IN","web",0
2015-10-01,"13","digitalization","IN","web",0
2015-11-01,"13","digitalization","IN","web",0
2015-12-01,"17","digitalization","IN","web",0
2016-01-01,"14","digitalization","IN","web",0
2016-02-01,"13","digitalization","IN","web",0
2016-03-01,"8","digitalization","IN","web",0
2016-04-01,"11","digitalization","IN","web",0
2016-05-01,"7","digitalization","IN","web",0
2016-06-01,"10","digitalization","IN","web",0
2016-07-01,"9","digitalization","IN","web",0
2016-08-01,"8","digitalization","IN","web",0
2016-09-01,"14","digitalization","IN","web",0
2016-10-01,"8","digitalization","IN","web",0
2016-11-01,"15","digitalization","IN","web",0
2016-12-01,"24","digitalization","IN","web",0
2017-01-01,"22","digitalization","IN","web",0
2017-02-01,"28","digitalization","IN","web",0
2017-03-01,"23","digitalization","IN","web",0
2017-04-01,"14","digitalization","IN","web",0
2017-05-01,"16","digitalization","IN","web",0
2017-06-01,"18","digitalization","IN","web",0
2017-07-01,"17","digitalization","IN","web",0
2017-08-01,"19","digitalization","IN","web",0
2017-09-01,"20","digitalization","IN","web",0
2017-10-01,"17","digitalization","IN","web",0
2017-11-01,"22","digitalization","IN","web",0
2017-12-01,"22","digitalization","IN","web",0
2018-01-01,"20","digitalization","IN","web",0
2018-02-01,"20","digitalization","IN","web",0
2018-03-01,"18","digitalization","IN","web",0
2018-04-01,"12","digitalization","IN","web",0
2018-05-01,"13","digitalization","IN","web",0
2018-06-01,"14","digitalization","IN","web",0
2018-07-01,"14","digitalization","IN","web",0
2018-08-01,"14","digitalization","IN","web",0
2018-09-01,"17","digitalization","IN","web",0
2018-10-01,"14","digitalization","IN","web",0
2018-11-01,"16","digitalization","IN","web",0
2018-12-01,"19","digitalization","IN","web",0
2004-01-01,"26","make in india","IN","web",0
2004-02-01,"11","make in india","IN","web",0
2004-03-01,"16","make in india","IN","web",0
2004-04-01,"11","make in india","IN","web",0
2004-05-01,"18","make in india","IN","web",0
2004-06-01,"18","make in india","IN","web",0
2004-07-01,"31","make in india","IN","web",0
2004-08-01,"19","make in india","IN","web",0
2004-09-01,"21","make in india","IN","web",0
2004-10-01,"19","make in india","IN","web",0
2004-11-01,"20","make in india","IN","web",0
2004-12-01,"31","make in india","IN","web",0
2005-01-01,"14","make in india","IN","web",0
2005-02-01,"20","make in india","IN","web",0
2005-03-01,"23","make in india","IN","web",0
2005-04-01,"10","make in india","IN","web",0
2005-05-01,"13","make in india","IN","web",0
2005-06-01,"12","make in india","IN","web",0
2005-07-01,"20","make in india","IN","web",0
2005-08-01,"13","make in india","IN","web",0
2005-09-01,"20","make in india","IN","web",0
2005-10-01,"17","make in india","IN","web",0
2005-11-01,"15","make in india","IN","web",0
2005-12-01,"18","make in india","IN","web",0
2006-01-01,"24","make in india","IN","web",0
2006-02-01,"15","make in india","IN","web",0
2006-03-01,"18","make in india","IN","web",0
2006-04-01,"21","make in india","IN","web",0
2006-05-01,"14","make in india","IN","web",0
2006-06-01,"19","make in india","IN","web",0
2006-07-01,"19","make in india","IN","web",0
2006-08-01,"15","make in india","IN","web",0
2006-09-01,"12","make in india","IN","web",0
2006-10-01,"18","make in india","IN","web",0
2006-11-01,"19","make in india","IN","web",0
2006-12-01,"13","make in india","IN","web",0
2007-01-01,"15","make in india","IN","web",0
2007-02-01,"10","make in india","IN","web",0
2007-03-01,"14","make in india","IN","web",0
2007-04-01,"14","make in india","IN","web",0
2007-05-01,"15","make in india","IN","web",0
2007-06-01,"20","make in india","IN","web",0
2007-07-01,"19","make in india","IN","web",0
2007-08-01,"16","make in india","IN","web",0
2007-09-01,"16","make in india","IN","web",0
2007-10-01,"16","make in india","IN","web",0
2007-11-01,"16","make in india","IN","web",0
2007-12-01,"19","make in india","IN","web",0
2008-01-01,"17","make in india","IN","web",0
2008-02-01,"19","make in india","IN","web",0
2008-03-01,"18","make in india","IN","web",0
2008-04-01,"17","make in india","IN","web",0
2008-05-01,"18","make in india","IN","web",0
2008-06-01,"20","make in india","IN","web",0
2008-07-01,"23","make in india","IN","web",0
2008-08-01,"19","make in india","IN","web",0
2008-09-01,"19","make in india","IN","web",0
2008-10-01,"21","make in india","IN","web",0
2008-11-01,"21","make in india","IN","web",0
2008-12-01,"17","make in india","IN","web",0
2009-01-01,"21","make in india","IN","web",0
2009-02-01,"22","make in india","IN","web",0
2009-03-01,"19","make in india","IN","web",0
2009-04-01,"25","make in india","IN","web",0
2009-05-01,"26","make in india","IN","web",0
2009-06-01,"26","make in india","IN","web",0
2009-07-01,"27","make in india","IN","web",0
2009-08-01,"25","make in india","IN","web",0
2009-09-01,"29","make in india","IN","web",0
2009-10-01,"28","make in india","IN","web",0
2009-11-01,"30","make in india","IN","web",0
2009-12-01,"29","make in india","IN","web",0
2010-01-01,"37","make in india","IN","web",0
2010-02-01,"31","make in india","IN","web",0
2010-03-01,"34","make in india","IN","web",0
2010-04-01,"37","make in india","IN","web",0
2010-05-01,"34","make in india","IN","web",0
2010-06-01,"33","make in india","IN","web",0
2010-07-01,"30","make in india","IN","web",0
2010-08-01,"32","make in india","IN","web",0
2010-09-01,"28","make in india","IN","web",0
2010-10-01,"31","make in india","IN","web",0
2010-11-01,"30","make in india","IN","web",0
2010-12-01,"29","make in india","IN","web",0
2011-01-01,"28","make in india","IN","web",0
2011-02-01,"28","make in india","IN","web",0
2011-03-01,"28","make in india","IN","web",0
2011-04-01,"30","make in india","IN","web",0
2011-05-01,"31","make in india","IN","web",0
2011-06-01,"31","make in india","IN","web",0
2011-07-01,"28","make in india","IN","web",0
2011-08-01,"29","make in india","IN","web",0
2011-09-01,"33","make in india","IN","web",0
2011-10-01,"30","make in india","IN","web",0
2011-11-01,"32","make in india","IN","web",0
2011-12-01,"27","make in india","IN","web",0
2012-01-01,"26","make in india","IN","web",0
2012-02-01,"25","make in india","IN","web",0
2012-03-01,"27","make in india","IN","web",0
2012-04-01,"24","make in india","IN","web",0
2012-05-01,"28","make in india","IN","web",0
2012-06-01,"29","make in india","IN","web",0
2012-07-01,"28","make in india","IN","web",0
2012-08-01,"27","make in india","IN","web",0
2012-09-01,"28","make in india","IN","web",0
2012-10-01,"27","make in india","IN","web",0
2012-11-01,"26","make in india","IN","web",0
2012-12-01,"24","make in india","IN","web",0
2013-01-01,"27","make in india","IN","web",0
2013-02-01,"27","make in india","IN","web",0
2013-03-01,"26","make in india","IN","web",0
2013-04-01,"25","make in india","IN","web",0
2013-05-01,"27","make in india","IN","web",0
2013-06-01,"28","make in india","IN","web",0
2013-07-01,"26","make in india","IN","web",0
2013-08-01,"27","make in india","IN","web",0
2013-09-01,"27","make in india","IN","web",0
2013-10-01,"26","make in india","IN","web",0
2013-11-01,"27","make in india","IN","web",0
2013-12-01,"25","make in india","IN","web",0
2014-01-01,"23","make in india","IN","web",0
2014-02-01,"23","make in india","IN","web",0
2014-03-01,"23","make in india","IN","web",0
2014-04-01,"23","make in india","IN","web",0
2014-05-01,"25","make in india","IN","web",0
2014-06-01,"24","make in india","IN","web",0
2014-07-01,"25","make in india","IN","web",0
2014-08-01,"26","make in india","IN","web",0
2014-09-01,"51","make in india","IN","web",0
2014-10-01,"37","make in india","IN","web",0
2014-11-01,"38","make in india","IN","web",0
2014-12-01,"36","make in india","IN","web",0
2015-01-01,"44","make in india","IN","web",0
2015-02-01,"41","make in india","IN","web",0
2015-03-01,"36","make in india","IN","web",0
2015-04-01,"39","make in india","IN","web",0
2015-05-01,"37","make in india","IN","web",0
2015-06-01,"38","make in india","IN","web",0
2015-07-01,"35","make in india","IN","web",0
2015-08-01,"36","make in india","IN","web",0
2015-09-01,"38","make in india","IN","web",0
2015-10-01,"36","make in india","IN","web",0
2015-11-01,"35","make in india","IN","web",0
2015-12-01,"36","make in india","IN","web",0
2016-01-01,"43","make in india","IN","web",0
2016-02-01,"100","make in india","IN","web",0
2016-03-01,"36","make in india","IN","web",0
2016-04-01,"35","make in india","IN","web",0
2016-05-01,"32","make in india","IN","web",0
2016-06-01,"33","make in india","IN","web",0
2016-07-01,"32","make in india","IN","web",0
2016-08-01,"30","make in india","IN","web",0
2016-09-01,"29","make in india","IN","web",0
2016-10-01,"27","make in india","IN","web",0
2016-11-01,"26","make in india","IN","web",0
2016-12-01,"23","make in india","IN","web",0
2017-01-01,"26","make in india","IN","web",0
2017-02-01,"24","make in india","IN","web",0
2017-03-01,"24","make in india","IN","web",0
2017-04-01,"21","make in india","IN","web",0
2017-05-01,"21","make in india","IN","web",0
2017-06-01,"22","make in india","IN","web",0
2017-07-01,"21","make in india","IN","web",0
2017-08-01,"23","make in india","IN","web",0
2017-09-01,"27","make in india","IN","web",0
2017-10-01,"22","make in india","IN","web",0
2017-11-01,"22","make in india","IN","web",0
2017-12-01,"20","make in india","IN","web",0
2018-01-01,"21","make in india","IN","web",0
2018-02-01,"19","make in india","IN","web",0
2018-03-01,"17","make in india","IN","web",0
2018-04-01,"16","make in india","IN","web",0
2018-05-01,"17","make in india","IN","web",0
2018-06-01,"19","make in india","IN","web",0
2018-07-01,"16","make in india","IN","web",0
2018-08-01,"16","make in india","IN","web",0
2018-09-01,"14","make in india","IN","web",0
2018-10-01,"16","make in india","IN","web",0
2018-11-01,"13","make in india","IN","web",0
2018-12-01,"14","make in india","IN","web",0
2004-01-01,"0","pmkvy","IN","web",0
2004-02-01,"0","pmkvy","IN","web",0
2004-03-01,"0","pmkvy","IN","web",0
2004-04-01,"0","pmkvy","IN","web",0
2004-05-01,"0","pmkvy","IN","web",0
2004-06-01,"0","pmkvy","IN","web",0
2004-07-01,"0","pmkvy","IN","web",0
2004-08-01,"0","pmkvy","IN","web",0
2004-09-01,"0","pmkvy","IN","web",0
2004-10-01,"0","pmkvy","IN","web",0
2004-11-01,"0","pmkvy","IN","web",0
2004-12-01,"0","pmkvy","IN","web",0
2005-01-01,"0","pmkvy","IN","web",0
2005-02-01,"0","pmkvy","IN","web",0
2005-03-01,"0","pmkvy","IN","web",0
2005-04-01,"0","pmkvy","IN","web",0
2005-05-01,"0","pmkvy","IN","web",0
2005-06-01,"0","pmkvy","IN","web",0
2005-07-01,"0","pmkvy","IN","web",0
2005-08-01,"0","pmkvy","IN","web",0
2005-09-01,"0","pmkvy","IN","web",0
2005-10-01,"0","pmkvy","IN","web",0
2005-11-01,"0","pmkvy","IN","web",0
2005-12-01,"0","pmkvy","IN","web",0
2006-01-01,"0","pmkvy","IN","web",0
2006-02-01,"0","pmkvy","IN","web",0
2006-03-01,"0","pmkvy","IN","web",0
2006-04-01,"0","pmkvy","IN","web",0
2006-05-01,"0","pmkvy","IN","web",0
2006-06-01,"0","pmkvy","IN","web",0
2006-07-01,"0","pmkvy","IN","web",0
2006-08-01,"0","pmkvy","IN","web",0
2006-09-01,"0","pmkvy","IN","web",0
2006-10-01,"0","pmkvy","IN","web",0
2006-11-01,"0","pmkvy","IN","web",0
2006-12-01,"0","pmkvy","IN","web",0
2007-01-01,"0","pmkvy","IN","web",0
2007-02-01,"0","pmkvy","IN","web",0
2007-03-01,"0","pmkvy","IN","web",0
2007-04-01,"0","pmkvy","IN","web",0
2007-05-01,"0","pmkvy","IN","web",0
2007-06-01,"0","pmkvy","IN","web",0
2007-07-01,"0","pmkvy","IN","web",0
2007-08-01,"0","pmkvy","IN","web",0
2007-09-01,"0","pmkvy","IN","web",0
2007-10-01,"0","pmkvy","IN","web",0
2007-11-01,"0","pmkvy","IN","web",0
2007-12-01,"0","pmkvy","IN","web",0
2008-01-01,"0","pmkvy","IN","web",0
2008-02-01,"0","pmkvy","IN","web",0
2008-03-01,"0","pmkvy","IN","web",0
2008-04-01,"0","pmkvy","IN","web",0
2008-05-01,"0","pmkvy","IN","web",0
2008-06-01,"0","pmkvy","IN","web",0
2008-07-01,"0","pmkvy","IN","web",0
2008-08-01,"0","pmkvy","IN","web",0
2008-09-01,"0","pmkvy","IN","web",0
2008-10-01,"0","pmkvy","IN","web",0
2008-11-01,"0","pmkvy","IN","web",0
2008-12-01,"0","pmkvy","IN","web",0
2009-01-01,"0","pmkvy","IN","web",0
2009-02-01,"0","pmkvy","IN","web",0
2009-03-01,"0","pmkvy","IN","web",0
2009-04-01,"0","pmkvy","IN","web",0
2009-05-01,"0","pmkvy","IN","web",0
2009-06-01,"0","pmkvy","IN","web",0
2009-07-01,"0","pmkvy","IN","web",0
2009-08-01,"0","pmkvy","IN","web",0
2009-09-01,"0","pmkvy","IN","web",0
2009-10-01,"0","pmkvy","IN","web",0
2009-11-01,"0","pmkvy","IN","web",0
2009-12-01,"0","pmkvy","IN","web",0
2010-01-01,"0","pmkvy","IN","web",0
2010-02-01,"0","pmkvy","IN","web",0
2010-03-01,"0","pmkvy","IN","web",0
2010-04-01,"0","pmkvy","IN","web",0
2010-05-01,"0","pmkvy","IN","web",0
2010-06-01,"0","pmkvy","IN","web",0
2010-07-01,"0","pmkvy","IN","web",0
2010-08-01,"0","pmkvy","IN","web",0
2010-09-01,"0","pmkvy","IN","web",0
2010-10-01,"0","pmkvy","IN","web",0
2010-11-01,"0","pmkvy","IN","web",0
2010-12-01,"0","pmkvy","IN","web",0
2011-01-01,"0","pmkvy","IN","web",0
2011-02-01,"0","pmkvy","IN","web",0
2011-03-01,"0","pmkvy","IN","web",0
2011-04-01,"0","pmkvy","IN","web",0
2011-05-01,"0","pmkvy","IN","web",0
2011-06-01,"0","pmkvy","IN","web",0
2011-07-01,"0","pmkvy","IN","web",0
2011-08-01,"0","pmkvy","IN","web",0
2011-09-01,"0","pmkvy","IN","web",0
2011-10-01,"0","pmkvy","IN","web",0
2011-11-01,"0","pmkvy","IN","web",0
2011-12-01,"0","pmkvy","IN","web",0
2012-01-01,"0","pmkvy","IN","web",0
2012-02-01,"0","pmkvy","IN","web",0
2012-03-01,"0","pmkvy","IN","web",0
2012-04-01,"0","pmkvy","IN","web",0
2012-05-01,"0","pmkvy","IN","web",0
2012-06-01,"0","pmkvy","IN","web",0
2012-07-01,"0","pmkvy","IN","web",0
2012-08-01,"0","pmkvy","IN","web",0
2012-09-01,"0","pmkvy","IN","web",0
2012-10-01,"0","pmkvy","IN","web",0
2012-11-01,"0","pmkvy","IN","web",0
2012-12-01,"0","pmkvy","IN","web",0
2013-01-01,"0","pmkvy","IN","web",0
2013-02-01,"0","pmkvy","IN","web",0
2013-03-01,"0","pmkvy","IN","web",0
2013-04-01,"0","pmkvy","IN","web",0
2013-05-01,"0","pmkvy","IN","web",0
2013-06-01,"0","pmkvy","IN","web",0
2013-07-01,"0","pmkvy","IN","web",0
2013-08-01,"0","pmkvy","IN","web",0
2013-09-01,"0","pmkvy","IN","web",0
2013-10-01,"0","pmkvy","IN","web",0
2013-11-01,"0","pmkvy","IN","web",0
2013-12-01,"0","pmkvy","IN","web",0
2014-01-01,"0","pmkvy","IN","web",0
2014-02-01,"0","pmkvy","IN","web",0
2014-03-01,"0","pmkvy","IN","web",0
2014-04-01,"0","pmkvy","IN","web",0
2014-05-01,"0","pmkvy","IN","web",0
2014-06-01,"0","pmkvy","IN","web",0
2014-07-01,"0","pmkvy","IN","web",0
2014-08-01,"0","pmkvy","IN","web",0
2014-09-01,"0","pmkvy","IN","web",0
2014-10-01,"0","pmkvy","IN","web",0
2014-11-01,"0","pmkvy","IN","web",0
2014-12-01,"0","pmkvy","IN","web",0
2015-01-01,"0","pmkvy","IN","web",0
2015-02-01,"0","pmkvy","IN","web",0
2015-03-01,"1","pmkvy","IN","web",0
2015-04-01,"2","pmkvy","IN","web",0
2015-05-01,"12","pmkvy","IN","web",0
2015-06-01,"24","pmkvy","IN","web",0
2015-07-01,"37","pmkvy","IN","web",0
2015-08-01,"43","pmkvy","IN","web",0
2015-09-01,"67","pmkvy","IN","web",0
2015-10-01,"43","pmkvy","IN","web",0
2015-11-01,"32","pmkvy","IN","web",0
2015-12-01,"35","pmkvy","IN","web",0
2016-01-01,"51","pmkvy","IN","web",0
2016-02-01,"58","pmkvy","IN","web",0
2016-03-01,"51","pmkvy","IN","web",0
2016-04-01,"47","pmkvy","IN","web",0
2016-05-01,"47","pmkvy","IN","web",0
2016-06-01,"46","pmkvy","IN","web",0
2016-07-01,"46","pmkvy","IN","web",0
2016-08-01,"42","pmkvy","IN","web",0
2016-09-01,"43","pmkvy","IN","web",0
2016-10-01,"31","pmkvy","IN","web",0
2016-11-01,"38","pmkvy","IN","web",0
2016-12-01,"46","pmkvy","IN","web",0
2017-01-01,"53","pmkvy","IN","web",0
2017-02-01,"59","pmkvy","IN","web",0
2017-03-01,"76","pmkvy","IN","web",0
2017-04-01,"82","pmkvy","IN","web",0
2017-05-01,"94","pmkvy","IN","web",0
2017-06-01,"100","pmkvy","IN","web",0
2017-07-01,"88","pmkvy","IN","web",0
2017-08-01,"79","pmkvy","IN","web",0
2017-09-01,"83","pmkvy","IN","web",0
2017-10-01,"64","pmkvy","IN","web",0
2017-11-01,"71","pmkvy","IN","web",0
2017-12-01,"63","pmkvy","IN","web",0
2018-01-01,"67","pmkvy","IN","web",0
2018-02-01,"69","pmkvy","IN","web",0
2018-03-01,"64","pmkvy","IN","web",0
2018-04-01,"53","pmkvy","IN","web",0
2018-05-01,"53","pmkvy","IN","web",0
2018-06-01,"54","pmkvy","IN","web",0
2018-07-01,"54","pmkvy","IN","web",0
2018-08-01,"50","pmkvy","IN","web",0
2018-09-01,"44","pmkvy","IN","web",0
2018-10-01,"36","pmkvy","IN","web",0
2018-11-01,"28","pmkvy","IN","web",0
2018-12-01,"33","pmkvy","IN","web",0
2004-01-01,"0","skill india","IN","web",0
2004-02-01,"32","skill india","IN","web",0
2004-03-01,"40","skill india","IN","web",0
2004-04-01,"31","skill india","IN","web",0
2004-05-01,"0","skill india","IN","web",0
2004-06-01,"12","skill india","IN","web",0
2004-07-01,"12","skill india","IN","web",0
2004-08-01,"11","skill india","IN","web",0
2004-09-01,"11","skill india","IN","web",0
2004-10-01,"12","skill india","IN","web",0
2004-11-01,"27","skill india","IN","web",0
2004-12-01,"10","skill india","IN","web",0
2005-01-01,"15","skill india","IN","web",0
2005-02-01,"25","skill india","IN","web",0
2005-03-01,"13","skill india","IN","web",0
2005-04-01,"25","skill india","IN","web",0
2005-05-01,"17","skill india","IN","web",0
2005-06-01,"16","skill india","IN","web",0
2005-07-01,"15","skill india","IN","web",0
2005-08-01,"11","skill india","IN","web",0
2005-09-01,"11","skill india","IN","web",0
2005-10-01,"21","skill india","IN","web",0
2005-11-01,"30","skill india","IN","web",0
2005-12-01,"23","skill india","IN","web",0
2006-01-01,"18","skill india","IN","web",0
2006-02-01,"9","skill india","IN","web",0
2006-03-01,"19","skill india","IN","web",0
2006-04-01,"17","skill india","IN","web",0
2006-05-01,"17","skill india","IN","web",0
2006-06-01,"10","skill india","IN","web",0
2006-07-01,"19","skill india","IN","web",0
2006-08-01,"7","skill india","IN","web",0
2006-09-01,"13","skill india","IN","web",0
2006-10-01,"9","skill india","IN","web",0
2006-11-01,"16","skill india","IN","web",0
2006-12-01,"18","skill india","IN","web",0
2007-01-01,"15","skill india","IN","web",0
2007-02-01,"13","skill india","IN","web",0
2007-03-01,"15","skill india","IN","web",0
2007-04-01,"13","skill india","IN","web",0
2007-05-01,"10","skill india","IN","web",0
2007-06-01,"11","skill india","IN","web",0
2007-07-01,"16","skill india","IN","web",0
2007-08-01,"19","skill india","IN","web",0
2007-09-01,"19","skill india","IN","web",0
2007-10-01,"14","skill india","IN","web",0
2007-11-01,"19","skill india","IN","web",0
2007-12-01,"11","skill india","IN","web",0
2008-01-01,"17","skill india","IN","web",0
2008-02-01,"8","skill india","IN","web",0
2008-03-01,"17","skill india","IN","web",0
2008-04-01,"15","skill india","IN","web",0
2008-05-01,"13","skill india","IN","web",0
2008-06-01,"9","skill india","IN","web",0
2008-07-01,"8","skill india","IN","web",0
2008-08-01,"12","skill india","IN","web",0
2008-09-01,"11","skill india","IN","web",0
2008-10-01,"14","skill india","IN","web",0
2008-11-01,"20","skill india","IN","web",0
2008-12-01,"12","skill india","IN","web",0
2009-01-01,"9","skill india","IN","web",0
2009-02-01,"12","skill india","IN","web",0
2009-03-01,"12","skill india","IN","web",0
2009-04-01,"15","skill india","IN","web",0
2009-05-01,"7","skill india","IN","web",0
2009-06-01,"14","skill india","IN","web",0
2009-07-01,"20","skill india","IN","web",0
2009-08-01,"15","skill india","IN","web",0
2009-09-01,"9","skill india","IN","web",0
2009-10-01,"17","skill india","IN","web",0
2009-11-01,"9","skill india","IN","web",0
2009-12-01,"12","skill india","IN","web",0
2010-01-01,"12","skill india","IN","web",0
2010-02-01,"19","skill india","IN","web",0
2010-03-01,"14","skill india","IN","web",0
2010-04-01,"12","skill india","IN","web",0
2010-05-01,"13","skill india","IN","web",0
2010-06-01,"14","skill india","IN","web",0
2010-07-01,"11","skill india","IN","web",0
2010-08-01,"11","skill india","IN","web",0
2010-09-01,"10","skill india","IN","web",0
2010-10-01,"7","skill india","IN","web",0
2010-11-01,"9","skill india","IN","web",0
2010-12-01,"18","skill india","IN","web",0
2011-01-01,"7","skill india","IN","web",0
2011-02-01,"10","skill india","IN","web",0
2011-03-01,"8","skill india","IN","web",0
2011-04-01,"8","skill india","IN","web",0
2011-05-01,"9","skill india","IN","web",0
2011-06-01,"9","skill india","IN","web",0
2011-07-01,"10","skill india","IN","web",0
2011-08-01,"7","skill india","IN","web",0
2011-09-01,"10","skill india","IN","web",0
2011-10-01,"9","skill india","IN","web",0
2011-11-01,"9","skill india","IN","web",0
2011-12-01,"7","skill india","IN","web",0
2012-01-01,"10","skill india","IN","web",0
2012-02-01,"9","skill india","IN","web",0
2012-03-01,"9","skill india","IN","web",0
2012-04-01,"8","skill india","IN","web",0
2012-05-01,"9","skill india","IN","web",0
2012-06-01,"8","skill india","IN","web",0
2012-07-01,"9","skill india","IN","web",0
2012-08-01,"12","skill india","IN","web",0
2012-09-01,"9","skill india","IN","web",0
2012-10-01,"8","skill india","IN","web",0
2012-11-01,"8","skill india","IN","web",0
2012-12-01,"9","skill india","IN","web",0
2013-01-01,"9","skill india","IN","web",0
2013-02-01,"10","skill india","IN","web",0
2013-03-01,"11","skill india","IN","web",0
2013-04-01,"8","skill india","IN","web",0
2013-05-01,"11","skill india","IN","web",0
2013-06-01,"8","skill india","IN","web",0
2013-07-01,"11","skill india","IN","web",0
2013-08-01,"9","skill india","IN","web",0
2013-09-01,"11","skill india","IN","web",0
2013-10-01,"10","skill india","IN","web",0
2013-11-01,"11","skill india","IN","web",0
2013-12-01,"8","skill india","IN","web",0
2014-01-01,"10","skill india","IN","web",0
2014-02-01,"10","skill india","IN","web",0
2014-03-01,"10","skill india","IN","web",0
2014-04-01,"7","skill india","IN","web",0
2014-05-01,"8","skill india","IN","web",0
2014-06-01,"11","skill india","IN","web",0
2014-07-01,"14","skill india","IN","web",0
2014-08-01,"16","skill india","IN","web",0
2014-09-01,"17","skill india","IN","web",0
2014-10-01,"14","skill india","IN","web",0
2014-11-01,"17","skill india","IN","web",0
2014-12-01,"15","skill india","IN","web",0
2015-01-01,"15","skill india","IN","web",0
2015-02-01,"15","skill india","IN","web",0
2015-03-01,"18","skill india","IN","web",0
2015-04-01,"15","skill india","IN","web",0
2015-05-01,"15","skill india","IN","web",0
2015-06-01,"16","skill india","IN","web",0
2015-07-01,"39","skill india","IN","web",0
2015-08-01,"23","skill india","IN","web",0
2015-09-01,"25","skill india","IN","web",0
2015-10-01,"19","skill india","IN","web",0
2015-11-01,"16","skill india","IN","web",0
2015-12-01,"19","skill india","IN","web",0
2016-01-01,"82","skill india","IN","web",0
2016-02-01,"42","skill india","IN","web",0
2016-03-01,"28","skill india","IN","web",0
2016-04-01,"100","skill india","IN","web",0
2016-05-01,"73","skill india","IN","web",0
2016-06-01,"53","skill india","IN","web",0
2016-07-01,"47","skill india","IN","web",0
2016-08-01,"38","skill india","IN","web",0
2016-09-01,"33","skill india","IN","web",0
2016-10-01,"27","skill india","IN","web",0
2016-11-01,"27","skill india","IN","web",0
2016-12-01,"29","skill india","IN","web",0
2017-01-01,"26","skill india","IN","web",0
2017-02-01,"31","skill india","IN","web",0
2017-03-01,"35","skill india","IN","web",0
2017-04-01,"25","skill india","IN","web",0
2017-05-01,"27","skill india","IN","web",0
2017-06-01,"29","skill india","IN","web",0
2017-07-01,"31","skill india","IN","web",0
2017-08-01,"27","skill india","IN","web",0
2017-09-01,"28","skill india","IN","web",0
2017-10-01,"26","skill india","IN","web",0
2017-11-01,"26","skill india","IN","web",0
2017-12-01,"24","skill india","IN","web",0
2018-01-01,"26","skill india","IN","web",0
2018-02-01,"26","skill india","IN","web",0
2018-03-01,"25","skill india","IN","web",0
2018-04-01,"21","skill india","IN","web",0
2018-05-01,"20","skill india","IN","web",0
2018-06-01,"21","skill india","IN","web",0
2018-07-01,"26","skill india","IN","web",0
2018-08-01,"41","skill india","IN","web",0
2018-09-01,"32","skill india","IN","web",0
2018-10-01,"23","skill india","IN","web",0
2018-11-01,"20","skill india","IN","web",0
2018-12-01,"21","skill india","IN","web",0
2004-01-01,"0","Pradhan Mantri Kaushal Vikas","IN","web",0
2004-02-01,"0","Pradhan Mantri Kaushal Vikas","IN","web",0
2004-03-01,"0","Pradhan Mantri Kaushal Vikas","IN","web",0
2004-04-01,"0","Pradhan Mantri Kaushal Vikas","IN","web",0
2004-05-01,"0","Pradhan Mantri Kaushal Vikas","IN","web",0
2004-06-01,"0","Pradhan Mantri Kaushal Vikas","IN","web",0
2004-07-01,"0","Pradhan Mantri Kaushal Vikas","IN","web",0
2004-08-01,"0","Pradhan Mantri Kaushal Vikas","IN","web",0
2004-09-01,"0","Pradhan Mantri Kaushal Vikas","IN","web",0
2004-10-01,"0","Pradhan Mantri Kaushal Vikas","IN","web",0
2004-11-01,"0","Pradhan Mantri Kaushal Vikas","IN","web",0
2004-12-01,"0","Pradhan Mantri Kaushal Vikas","IN","web",0
2005-01-01,"0","Pradhan Mantri Kaushal Vikas","IN","web",0
2005-02-01,"0","Pradhan Mantri Kaushal Vikas","IN","web",0
2005-03-01,"0","Pradhan Mantri Kaushal Vikas","IN","web",0
2005-04-01,"0","Pradhan Mantri Kaushal Vikas","IN","web",0
2005-05-01,"0","Pradhan Mantri Kaushal Vikas","IN","web",0
2005-06-01,"0","Pradhan Mantri Kaushal Vikas","IN","web",0
2005-07-01,"0","Pradhan Mantri Kaushal Vikas","IN","web",0
2005-08-01,"0","Pradhan Mantri Kaushal Vikas","IN","web",0
2005-09-01,"0","Pradhan Mantri Kaushal Vikas","IN","web",0
2005-10-01,"0","Pradhan Mantri Kaushal Vikas","IN","web",0
2005-11-01,"0","Pradhan Mantri Kaushal Vikas","IN","web",0
2005-12-01,"0","Pradhan Mantri Kaushal Vikas","IN","web",0
2006-01-01,"0","Pradhan Mantri Kaushal Vikas","IN","web",0
2006-02-01,"0","Pradhan Mantri Kaushal Vikas","IN","web",0
2006-03-01,"0","Pradhan Mantri Kaushal Vikas","IN","web",0
2006-04-01,"0","Pradhan Mantri Kaushal Vikas","IN","web",0
2006-05-01,"0","Pradhan Mantri Kaushal Vikas","IN","web",0
2006-06-01,"0","Pradhan Mantri Kaushal Vikas","IN","web",0
2006-07-01,"0","Pradhan Mantri Kaushal Vikas","IN","web",0
2006-08-01,"0","Pradhan Mantri Kaushal Vikas","IN","web",0
2006-09-01,"0","Pradhan Mantri Kaushal Vikas","IN","web",0
2006-10-01,"0","Pradhan Mantri Kaushal Vikas","IN","web",0
2006-11-01,"0","Pradhan Mantri Kaushal Vikas","IN","web",0
2006-12-01,"0","Pradhan Mantri Kaushal Vikas","IN","web",0
2007-01-01,"0","Pradhan Mantri Kaushal Vikas","IN","web",0
2007-02-01,"0","Pradhan Mantri Kaushal Vikas","IN","web",0
2007-03-01,"0","Pradhan Mantri Kaushal Vikas","IN","web",0
2007-04-01,"0","Pradhan Mantri Kaushal Vikas","IN","web",0
2007-05-01,"0","Pradhan Mantri Kaushal Vikas","IN","web",0
2007-06-01,"0","Pradhan Mantri Kaushal Vikas","IN","web",0
2007-07-01,"0","Pradhan Mantri Kaushal Vikas","IN","web",0
2007-08-01,"0","Pradhan Mantri Kaushal Vikas","IN","web",0
2007-09-01,"0","Pradhan Mantri Kaushal Vikas","IN","web",0
2007-10-01,"0","Pradhan Mantri Kaushal Vikas","IN","web",0
2007-11-01,"0","Pradhan Mantri Kaushal Vikas","IN","web",0
2007-12-01,"0","Pradhan Mantri Kaushal Vikas","IN","web",0
2008-01-01,"0","Pradhan Mantri Kaushal Vikas","IN","web",0
2008-02-01,"0","Pradhan Mantri Kaushal Vikas","IN","web",0
2008-03-01,"0","Pradhan Mantri Kaushal Vikas","IN","web",0
2008-04-01,"0","Pradhan Mantri Kaushal Vikas","IN","web",0
2008-05-01,"0","Pradhan Mantri Kaushal Vikas","IN","web",0
2008-06-01,"0","Pradhan Mantri Kaushal Vikas","IN","web",0
2008-07-01,"0","Pradhan Mantri Kaushal Vikas","IN","web",0
2008-08-01,"0","Pradhan Mantri Kaushal Vikas","IN","web",0
2008-09-01,"0","Pradhan Mantri Kaushal Vikas","IN","web",0
2008-10-01,"0","Pradhan Mantri Kaushal Vikas","IN","web",0
2008-11-01,"0","Pradhan Mantri Kaushal Vikas","IN","web",0
2008-12-01,"0","Pradhan Mantri Kaushal Vikas","IN","web",0
2009-01-01,"0","Pradhan Mantri Kaushal Vikas","IN","web",0
2009-02-01,"0","Pradhan Mantri Kaushal Vikas","IN","web",0
2009-03-01,"0","Pradhan Mantri Kaushal Vikas","IN","web",0
2009-04-01,"0","Pradhan Mantri Kaushal Vikas","IN","web",0
2009-05-01,"0","Pradhan Mantri Kaushal Vikas","IN","web",0
2009-06-01,"0","Pradhan Mantri Kaushal Vikas","IN","web",0
2009-07-01,"0","Pradhan Mantri Kaushal Vikas","IN","web",0
2009-08-01,"0","Pradhan Mantri Kaushal Vikas","IN","web",0
2009-09-01,"0","Pradhan Mantri Kaushal Vikas","IN","web",0
2009-10-01,"0","Pradhan Mantri Kaushal Vikas","IN","web",0
2009-11-01,"0","Pradhan Mantri Kaushal Vikas","IN","web",0
2009-12-01,"0","Pradhan Mantri Kaushal Vikas","IN","web",0
2010-01-01,"0","Pradhan Mantri Kaushal Vikas","IN","web",0
2010-02-01,"0","Pradhan Mantri Kaushal Vikas","IN","web",0
2010-03-01,"0","Pradhan Mantri Kaushal Vikas","IN","web",0
2010-04-01,"0","Pradhan Mantri Kaushal Vikas","IN","web",0
2010-05-01,"0","Pradhan Mantri Kaushal Vikas","IN","web",0
2010-06-01,"11","Pradhan Mantri Kaushal Vikas","IN","web",0
2010-07-01,"0","Pradhan Mantri Kaushal Vikas","IN","web",0
2010-08-01,"0","Pradhan Mantri Kaushal Vikas","IN","web",0
2010-09-01,"0","Pradhan Mantri Kaushal Vikas","IN","web",0
2010-10-01,"0","Pradhan Mantri Kaushal Vikas","IN","web",0
2010-11-01,"0","Pradhan Mantri Kaushal Vikas","IN","web",0
2010-12-01,"0","Pradhan Mantri Kaushal Vikas","IN","web",0
2011-01-01,"0","Pradhan Mantri Kaushal Vikas","IN","web",0
2011-02-01,"0","Pradhan Mantri Kaushal Vikas","IN","web",0
2011-03-01,"0","Pradhan Mantri Kaushal Vikas","IN","web",0
2011-04-01,"0","Pradhan Mantri Kaushal Vikas","IN","web",0
2011-05-01,"0","Pradhan Mantri Kaushal Vikas","IN","web",0
2011-06-01,"0","Pradhan Mantri Kaushal Vikas","IN","web",0
2011-07-01,"0","Pradhan Mantri Kaushal Vikas","IN","web",0
2011-08-01,"0","Pradhan Mantri Kaushal Vikas","IN","web",0
2011-09-01,"0","Pradhan Mantri Kaushal Vikas","IN","web",0
2011-10-01,"0","Pradhan Mantri Kaushal Vikas","IN","web",0
2011-11-01,"0","Pradhan Mantri Kaushal Vikas","IN","web",0
2011-12-01,"0","Pradhan Mantri Kaushal Vikas","IN","web",0
2012-01-01,"0","Pradhan Mantri Kaushal Vikas","IN","web",0
2012-02-01,"0","Pradhan Mantri Kaushal Vikas","IN","web",0
2012-03-01,"0","Pradhan Mantri Kaushal Vikas","IN","web",0
2012-04-01,"0","Pradhan Mantri Kaushal Vikas","IN","web",0
2012-05-01,"0","Pradhan Mantri Kaushal Vikas","IN","web",0
2012-06-01,"0","Pradhan Mantri Kaushal Vikas","IN","web",0
2012-07-01,"0","Pradhan Mantri Kaushal Vikas","IN","web",0
2012-08-01,"0","Pradhan Mantri Kaushal Vikas","IN","web",0
2012-09-01,"0","Pradhan Mantri Kaushal Vikas","IN","web",0
2012-10-01,"0","Pradhan Mantri Kaushal Vikas","IN","web",0
2012-11-01,"0","Pradhan Mantri Kaushal Vikas","IN","web",0
2012-12-01,"0","Pradhan Mantri Kaushal Vikas","IN","web",0
2013-01-01,"0","Pradhan Mantri Kaushal Vikas","IN","web",0
2013-02-01,"0","Pradhan Mantri Kaushal Vikas","IN","web",0
2013-03-01,"0","Pradhan Mantri Kaushal Vikas","IN","web",0
2013-04-01,"0","Pradhan Mantri Kaushal Vikas","IN","web",0
2013-05-01,"0","Pradhan Mantri Kaushal Vikas","IN","web",0
2013-06-01,"0","Pradhan Mantri Kaushal Vikas","IN","web",0
2013-07-01,"0","Pradhan Mantri Kaushal Vikas","IN","web",0
2013-08-01,"0","Pradhan Mantri Kaushal Vikas","IN","web",0
2013-09-01,"0","Pradhan Mantri Kaushal Vikas","IN","web",0
2013-10-01,"0","Pradhan Mantri Kaushal Vikas","IN","web",0
2013-11-01,"0","Pradhan Mantri Kaushal Vikas","IN","web",0
2013-12-01,"0","Pradhan Mantri Kaushal Vikas","IN","web",0
2014-01-01,"0","Pradhan Mantri Kaushal Vikas","IN","web",0
2014-02-01,"0","Pradhan Mantri Kaushal Vikas","IN","web",0
2014-03-01,"0","Pradhan Mantri Kaushal Vikas","IN","web",0
2014-04-01,"0","Pradhan Mantri Kaushal Vikas","IN","web",0
2014-05-01,"0","Pradhan Mantri Kaushal Vikas","IN","web",0
2014-06-01,"0","Pradhan Mantri Kaushal Vikas","IN","web",0
2014-07-01,"0","Pradhan Mantri Kaushal Vikas","IN","web",0
2014-08-01,"0","Pradhan Mantri Kaushal Vikas","IN","web",0
2014-09-01,"0","Pradhan Mantri Kaushal Vikas","IN","web",0
2014-10-01,"0","Pradhan Mantri Kaushal Vikas","IN","web",0
2014-11-01,"0","Pradhan Mantri Kaushal Vikas","IN","web",0
2014-12-01,"0","Pradhan Mantri Kaushal Vikas","IN","web",0
2015-01-01,"1","Pradhan Mantri Kaushal Vikas","IN","web",0
2015-02-01,"0","Pradhan Mantri Kaushal Vikas","IN","web",0
2015-03-01,"9","Pradhan Mantri Kaushal Vikas","IN","web",0
2015-04-01,"12","Pradhan Mantri Kaushal Vikas","IN","web",0
2015-05-01,"44","Pradhan Mantri Kaushal Vikas","IN","web",0
2015-06-01,"62","Pradhan Mantri Kaushal Vikas","IN","web",0
2015-07-01,"67","Pradhan Mantri Kaushal Vikas","IN","web",0
2015-08-01,"54","Pradhan Mantri Kaushal Vikas","IN","web",0
2015-09-01,"54","Pradhan Mantri Kaushal Vikas","IN","web",0
2015-10-01,"31","Pradhan Mantri Kaushal Vikas","IN","web",0
2015-11-01,"19","Pradhan Mantri Kaushal Vikas","IN","web",0
2015-12-01,"34","Pradhan Mantri Kaushal Vikas","IN","web",0
2016-01-01,"71","Pradhan Mantri Kaushal Vikas","IN","web",0
2016-02-01,"100","Pradhan Mantri Kaushal Vikas","IN","web",0
2016-03-01,"57","Pradhan Mantri Kaushal Vikas","IN","web",0
2016-04-01,"47","Pradhan Mantri Kaushal Vikas","IN","web",0
2016-05-01,"41","Pradhan Mantri Kaushal Vikas","IN","web",0
2016-06-01,"49","Pradhan Mantri Kaushal Vikas","IN","web",0
2016-07-01,"42","Pradhan Mantri Kaushal Vikas","IN","web",0
2016-08-01,"37","Pradhan Mantri Kaushal Vikas","IN","web",0
2016-09-01,"44","Pradhan Mantri Kaushal Vikas","IN","web",0
2016-10-01,"26","Pradhan Mantri Kaushal Vikas","IN","web",0
2016-11-01,"28","Pradhan Mantri Kaushal Vikas","IN","web",0
2016-12-01,"41","Pradhan Mantri Kaushal Vikas","IN","web",0
2017-01-01,"58","Pradhan Mantri Kaushal Vikas","IN","web",0
2017-02-01,"71","Pradhan Mantri Kaushal Vikas","IN","web",0
2017-03-01,"59","Pradhan Mantri Kaushal Vikas","IN","web",0
2017-04-01,"68","Pradhan Mantri Kaushal Vikas","IN","web",0
2017-05-01,"76","Pradhan Mantri Kaushal Vikas","IN","web",0
2017-06-01,"74","Pradhan Mantri Kaushal Vikas","IN","web",0
2017-07-01,"65","Pradhan Mantri Kaushal Vikas","IN","web",0
2017-08-01,"70","Pradhan Mantri Kaushal Vikas","IN","web",0
2017-09-01,"65","Pradhan Mantri Kaushal Vikas","IN","web",0
2017-10-01,"49","Pradhan Mantri Kaushal Vikas","IN","web",0
2017-11-01,"63","Pradhan Mantri Kaushal Vikas","IN","web",0
2017-12-01,"81","Pradhan Mantri Kaushal Vikas","IN","web",0
2018-01-01,"90","Pradhan Mantri Kaushal Vikas","IN","web",0
2018-02-01,"85","Pradhan Mantri Kaushal Vikas","IN","web",0
2018-03-01,"94","Pradhan Mantri Kaushal Vikas","IN","web",0
2018-04-01,"77","Pradhan Mantri Kaushal Vikas","IN","web",0
2018-05-01,"52","Pradhan Mantri Kaushal Vikas","IN","web",0
2018-06-01,"64","Pradhan Mantri Kaushal Vikas","IN","web",0
2018-07-01,"49","Pradhan Mantri Kaushal Vikas","IN","web",0
2018-08-01,"47","Pradhan Mantri Kaushal Vikas","IN","web",0
2018-09-01,"49","Pradhan Mantri Kaushal Vikas","IN","web",0
2018-10-01,"33","Pradhan Mantri Kaushal Vikas","IN","web",0
2018-11-01,"27","Pradhan Mantri Kaushal Vikas","IN","web",0
2018-12-01,"27","Pradhan Mantri Kaushal Vikas","IN","web",0
2004-01-01,"0","beti bachao beti padhao","IN","web",0
2004-02-01,"0","beti bachao beti padhao","IN","web",0
2004-03-01,"0","beti bachao beti padhao","IN","web",0
2004-04-01,"0","beti bachao beti padhao","IN","web",0
2004-05-01,"0","beti bachao beti padhao","IN","web",0
2004-06-01,"0","beti bachao beti padhao","IN","web",0
2004-07-01,"0","beti bachao beti padhao","IN","web",0
2004-08-01,"0","beti bachao beti padhao","IN","web",0
2004-09-01,"0","beti bachao beti padhao","IN","web",0
2004-10-01,"0","beti bachao beti padhao","IN","web",0
2004-11-01,"0","beti bachao beti padhao","IN","web",0
2004-12-01,"0","beti bachao beti padhao","IN","web",0
2005-01-01,"0","beti bachao beti padhao","IN","web",0
2005-02-01,"0","beti bachao beti padhao","IN","web",0
2005-03-01,"0","beti bachao beti padhao","IN","web",0
2005-04-01,"0","beti bachao beti padhao","IN","web",0
2005-05-01,"0","beti bachao beti padhao","IN","web",0
2005-06-01,"0","beti bachao beti padhao","IN","web",0
2005-07-01,"0","beti bachao beti padhao","IN","web",0
2005-08-01,"0","beti bachao beti padhao","IN","web",0
2005-09-01,"0","beti bachao beti padhao","IN","web",0
2005-10-01,"0","beti bachao beti padhao","IN","web",0
2005-11-01,"0","beti bachao beti padhao","IN","web",0
2005-12-01,"0","beti bachao beti padhao","IN","web",0
2006-01-01,"0","beti bachao beti padhao","IN","web",0
2006-02-01,"0","beti bachao beti padhao","IN","web",0
2006-03-01,"0","beti bachao beti padhao","IN","web",0
2006-04-01,"0","beti bachao beti padhao","IN","web",0
2006-05-01,"0","beti bachao beti padhao","IN","web",0
2006-06-01,"0","beti bachao beti padhao","IN","web",0
2006-07-01,"0","beti bachao beti padhao","IN","web",0
2006-08-01,"0","beti bachao beti padhao","IN","web",0
2006-09-01,"0","beti bachao beti padhao","IN","web",0
2006-10-01,"0","beti bachao beti padhao","IN","web",0
2006-11-01,"0","beti bachao beti padhao","IN","web",0
2006-12-01,"0","beti bachao beti padhao","IN","web",0
2007-01-01,"0","beti bachao beti padhao","IN","web",0
2007-02-01,"0","beti bachao beti padhao","IN","web",0
2007-03-01,"0","beti bachao beti padhao","IN","web",0
2007-04-01,"0","beti bachao beti padhao","IN","web",0
2007-05-01,"0","beti bachao beti padhao","IN","web",0
2007-06-01,"0","beti bachao beti padhao","IN","web",0
2007-07-01,"0","beti bachao beti padhao","IN","web",0
2007-08-01,"0","beti bachao beti padhao","IN","web",0
2007-09-01,"0","beti bachao beti padhao","IN","web",0
2007-10-01,"0","beti bachao beti padhao","IN","web",0
2007-11-01,"0","beti bachao beti padhao","IN","web",0
2007-12-01,"0","beti bachao beti padhao","IN","web",0
2008-01-01,"0","beti bachao beti padhao","IN","web",0
2008-02-01,"0","beti bachao beti padhao","IN","web",0
2008-03-01,"0","beti bachao beti padhao","IN","web",0
2008-04-01,"0","beti bachao beti padhao","IN","web",0
2008-05-01,"0","beti bachao beti padhao","IN","web",0
2008-06-01,"0","beti bachao beti padhao","IN","web",0
2008-07-01,"0","beti bachao beti padhao","IN","web",0
2008-08-01,"0","beti bachao beti padhao","IN","web",0
2008-09-01,"0","beti bachao beti padhao","IN","web",0
2008-10-01,"0","beti bachao beti padhao","IN","web",0
2008-11-01,"0","beti bachao beti padhao","IN","web",0
2008-12-01,"0","beti bachao beti padhao","IN","web",0
2009-01-01,"0","beti bachao beti padhao","IN","web",0
2009-02-01,"0","beti bachao beti padhao","IN","web",0
2009-03-01,"0","beti bachao beti padhao","IN","web",0
2009-04-01,"0","beti bachao beti padhao","IN","web",0
2009-05-01,"0","beti bachao beti padhao","IN","web",0
2009-06-01,"0","beti bachao beti padhao","IN","web",0
2009-07-01,"0","beti bachao beti padhao","IN","web",0
2009-08-01,"0","beti bachao beti padhao","IN","web",0
2009-09-01,"0","beti bachao beti padhao","IN","web",0
2009-10-01,"0","beti bachao beti padhao","IN","web",0
2009-11-01,"0","beti bachao beti padhao","IN","web",0
2009-12-01,"0","beti bachao beti padhao","IN","web",0
2010-01-01,"0","beti bachao beti padhao","IN","web",0
2010-02-01,"0","beti bachao beti padhao","IN","web",0
2010-03-01,"0","beti bachao beti padhao","IN","web",0
2010-04-01,"0","beti bachao beti padhao","IN","web",0
2010-05-01,"0","beti bachao beti padhao","IN","web",0
2010-06-01,"0","beti bachao beti padhao","IN","web",0
2010-07-01,"0","beti bachao beti padhao","IN","web",0
2010-08-01,"0","beti bachao beti padhao","IN","web",0
2010-09-01,"0","beti bachao beti padhao","IN","web",0
2010-10-01,"0","beti bachao beti padhao","IN","web",0
2010-11-01,"0","beti bachao beti padhao","IN","web",0
2010-12-01,"0","beti bachao beti padhao","IN","web",0
2011-01-01,"0","beti bachao beti padhao","IN","web",0
2011-02-01,"0","beti bachao beti padhao","IN","web",0
2011-03-01,"0","beti bachao beti padhao","IN","web",0
2011-04-01,"0","beti bachao beti padhao","IN","web",0
2011-05-01,"0","beti bachao beti padhao","IN","web",0
2011-06-01,"0","beti bachao beti padhao","IN","web",0
2011-07-01,"0","beti bachao beti padhao","IN","web",0
2011-08-01,"0","beti bachao beti padhao","IN","web",0
2011-09-01,"0","beti bachao beti padhao","IN","web",0
2011-10-01,"0","beti bachao beti padhao","IN","web",0
2011-11-01,"0","beti bachao beti padhao","IN","web",0
2011-12-01,"0","beti bachao beti padhao","IN","web",0
2012-01-01,"0","beti bachao beti padhao","IN","web",0
2012-02-01,"0","beti bachao beti padhao","IN","web",0
2012-03-01,"0","beti bachao beti padhao","IN","web",0
2012-04-01,"0","beti bachao beti padhao","IN","web",0
2012-05-01,"0","beti bachao beti padhao","IN","web",0
2012-06-01,"0","beti bachao beti padhao","IN","web",0
2012-07-01,"0","beti bachao beti padhao","IN","web",0
2012-08-01,"0","beti bachao beti padhao","IN","web",0
2012-09-01,"0","beti bachao beti padhao","IN","web",0
2012-10-01,"<1","beti bachao beti padhao","IN","web",0
2012-11-01,"0","beti bachao beti padhao","IN","web",0
2012-12-01,"<1","beti bachao beti padhao","IN","web",0
2013-01-01,"0","beti bachao beti padhao","IN","web",0
2013-02-01,"0","beti bachao beti padhao","IN","web",0
2013-03-01,"0","beti bachao beti padhao","IN","web",0
2013-04-01,"0","beti bachao beti padhao","IN","web",0
2013-05-01,"0","beti bachao beti padhao","IN","web",0
2013-06-01,"0","beti bachao beti padhao","IN","web",0
2013-07-01,"0","beti bachao beti padhao","IN","web",0
2013-08-01,"0","beti bachao beti padhao","IN","web",0
2013-09-01,"0","beti bachao beti padhao","IN","web",0
2013-10-01,"0","beti bachao beti padhao","IN","web",0
2013-11-01,"0","beti bachao beti padhao","IN","web",0
2013-12-01,"0","beti bachao beti padhao","IN","web",0
2014-01-01,"0","beti bachao beti padhao","IN","web",0
2014-02-01,"<1","beti bachao beti padhao","IN","web",0
2014-03-01,"0","beti bachao beti padhao","IN","web",0
2014-04-01,"0","beti bachao beti padhao","IN","web",0
2014-05-01,"0","beti bachao beti padhao","IN","web",0
2014-06-01,"0","beti bachao beti padhao","IN","web",0
2014-07-01,"6","beti bachao beti padhao","IN","web",0
2014-08-01,"4","beti bachao beti padhao","IN","web",0
2014-09-01,"5","beti bachao beti padhao","IN","web",0
2014-10-01,"3","beti bachao beti padhao","IN","web",0
2014-11-01,"4","beti bachao beti padhao","IN","web",0
2014-12-01,"3","beti bachao beti padhao","IN","web",0
2015-01-01,"98","beti bachao beti padhao","IN","web",0
2015-02-01,"55","beti bachao beti padhao","IN","web",0
2015-03-01,"35","beti bachao beti padhao","IN","web",0
2015-04-01,"21","beti bachao beti padhao","IN","web",0
2015-05-01,"20","beti bachao beti padhao","IN","web",0
2015-06-01,"22","beti bachao beti padhao","IN","web",0
2015-07-01,"28","beti bachao beti padhao","IN","web",0
2015-08-01,"33","beti bachao beti padhao","IN","web",0
2015-09-01,"29","beti bachao beti padhao","IN","web",0
2015-10-01,"30","beti bachao beti padhao","IN","web",0
2015-11-01,"28","beti bachao beti padhao","IN","web",0
2015-12-01,"29","beti bachao beti padhao","IN","web",0
2016-01-01,"41","beti bachao beti padhao","IN","web",0
2016-02-01,"29","beti bachao beti padhao","IN","web",0
2016-03-01,"23","beti bachao beti padhao","IN","web",0
2016-04-01,"20","beti bachao beti padhao","IN","web",0
2016-05-01,"27","beti bachao beti padhao","IN","web",0
2016-06-01,"37","beti bachao beti padhao","IN","web",0
2016-07-01,"36","beti bachao beti padhao","IN","web",0
2016-08-01,"40","beti bachao beti padhao","IN","web",0
2016-09-01,"43","beti bachao beti padhao","IN","web",0
2016-10-01,"35","beti bachao beti padhao","IN","web",0
2016-11-01,"43","beti bachao beti padhao","IN","web",0
2016-12-01,"46","beti bachao beti padhao","IN","web",0
2017-01-01,"73","beti bachao beti padhao","IN","web",0
2017-02-01,"58","beti bachao beti padhao","IN","web",0
2017-03-01,"48","beti bachao beti padhao","IN","web",0
2017-04-01,"33","beti bachao beti padhao","IN","web",0
2017-05-01,"41","beti bachao beti padhao","IN","web",0
2017-06-01,"38","beti bachao beti padhao","IN","web",0
2017-07-01,"45","beti bachao beti padhao","IN","web",0
2017-08-01,"56","beti bachao beti padhao","IN","web",0
2017-09-01,"69","beti bachao beti padhao","IN","web",0
2017-10-01,"85","beti bachao beti padhao","IN","web",0
2017-11-01,"75","beti bachao beti padhao","IN","web",0
2017-12-01,"74","beti bachao beti padhao","IN","web",0
2018-01-01,"100","beti bachao beti padhao","IN","web",0
2018-02-01,"74","beti bachao beti padhao","IN","web",0
2018-03-01,"54","beti bachao beti padhao","IN","web",0
2018-04-01,"41","beti bachao beti padhao","IN","web",0
2018-05-01,"37","beti bachao beti padhao","IN","web",0
2018-06-01,"46","beti bachao beti padhao","IN","web",0
2018-07-01,"53","beti bachao beti padhao","IN","web",0
2018-08-01,"56","beti bachao beti padhao","IN","web",0
2018-09-01,"51","beti bachao beti padhao","IN","web",0
2018-10-01,"50","beti bachao beti padhao","IN","web",0
2018-11-01,"48","beti bachao beti padhao","IN","web",0
2018-12-01,"55","beti bachao beti padhao","IN","web",0
2004-01-01,"0","connect to PM","IN","web",0
2004-02-01,"0","connect to PM","IN","web",0
2004-03-01,"0","connect to PM","IN","web",0
2004-04-01,"0","connect to PM","IN","web",0
2004-05-01,"0","connect to PM","IN","web",0
2004-06-01,"0","connect to PM","IN","web",0
2004-07-01,"0","connect to PM","IN","web",0
2004-08-01,"0","connect to PM","IN","web",0
2004-09-01,"0","connect to PM","IN","web",0
2004-10-01,"0","connect to PM","IN","web",0
2004-11-01,"0","connect to PM","IN","web",0
2004-12-01,"0","connect to PM","IN","web",0
2005-01-01,"0","connect to PM","IN","web",0
2005-02-01,"0","connect to PM","IN","web",0
2005-03-01,"0","connect to PM","IN","web",0
2005-04-01,"0","connect to PM","IN","web",0
2005-05-01,"0","connect to PM","IN","web",0
2005-06-01,"0","connect to PM","IN","web",0
2005-07-01,"0","connect to PM","IN","web",0
2005-08-01,"0","connect to PM","IN","web",0
2005-09-01,"0","connect to PM","IN","web",0
2005-10-01,"0","connect to PM","IN","web",0
2005-11-01,"0","connect to PM","IN","web",0
2005-12-01,"0","connect to PM","IN","web",0
2006-01-01,"0","connect to PM","IN","web",0
2006-02-01,"0","connect to PM","IN","web",0
2006-03-01,"0","connect to PM","IN","web",0
2006-04-01,"0","connect to PM","IN","web",0
2006-05-01,"0","connect to PM","IN","web",0
2006-06-01,"0","connect to PM","IN","web",0
2006-07-01,"0","connect to PM","IN","web",0
2006-08-01,"0","connect to PM","IN","web",0
2006-09-01,"0","connect to PM","IN","web",0
2006-10-01,"0","connect to PM","IN","web",0
2006-11-01,"0","connect to PM","IN","web",0
2006-12-01,"0","connect to PM","IN","web",0
2007-01-01,"0","connect to PM","IN","web",0
2007-02-01,"0","connect to PM","IN","web",0
2007-03-01,"0","connect to PM","IN","web",0
2007-04-01,"0","connect to PM","IN","web",0
2007-05-01,"0","connect to PM","IN","web",0
2007-06-01,"0","connect to PM","IN","web",0
2007-07-01,"0","connect to PM","IN","web",0
2007-08-01,"0","connect to PM","IN","web",0
2007-09-01,"0","connect to PM","IN","web",0
2007-10-01,"0","connect to PM","IN","web",0
2007-11-01,"0","connect to PM","IN","web",0
2007-12-01,"0","connect to PM","IN","web",0
2008-01-01,"0","connect to PM","IN","web",0
2008-02-01,"0","connect to PM","IN","web",0
2008-03-01,"0","connect to PM","IN","web",0
2008-04-01,"0","connect to PM","IN","web",0
2008-05-01,"0","connect to PM","IN","web",0
2008-06-01,"100","connect to PM","IN","web",0
2008-07-01,"0","connect to PM","IN","web",0
2008-08-01,"0","connect to PM","IN","web",0
2008-09-01,"0","connect to PM","IN","web",0
2008-10-01,"0","connect to PM","IN","web",0
2008-11-01,"0","connect to PM","IN","web",0
2008-12-01,"0","connect to PM","IN","web",0
2009-01-01,"0","connect to PM","IN","web",0
2009-02-01,"0","connect to PM","IN","web",0
2009-03-01,"81","connect to PM","IN","web",0
2009-04-01,"0","connect to PM","IN","web",0
2009-05-01,"0","connect to PM","IN","web",0
2009-06-01,"0","connect to PM","IN","web",0
2009-07-01,"0","connect to PM","IN","web",0
2009-08-01,"0","connect to PM","IN","web",0
2009-09-01,"0","connect to PM","IN","web",0
2009-10-01,"0","connect to PM","IN","web",0
2009-11-01,"0","connect to PM","IN","web",0
2009-12-01,"0","connect to PM","IN","web",0
2010-01-01,"0","connect to PM","IN","web",0
2010-02-01,"0","connect to PM","IN","web",0
2010-03-01,"0","connect to PM","IN","web",0
2010-04-01,"0","connect to PM","IN","web",0
2010-05-01,"0","connect to PM","IN","web",0
2010-06-01,"64","connect to PM","IN","web",0
2010-07-01,"54","connect to PM","IN","web",0
2010-08-01,"0","connect to PM","IN","web",0
2010-09-01,"0","connect to PM","IN","web",0
2010-10-01,"0","connect to PM","IN","web",0
2010-11-01,"0","connect to PM","IN","web",0
2010-12-01,"56","connect to PM","IN","web",0
2011-01-01,"24","connect to PM","IN","web",0
2011-02-01,"0","connect to PM","IN","web",0
2011-03-01,"0","connect to PM","IN","web",0
2011-04-01,"0","connect to PM","IN","web",0
2011-05-01,"0","connect to PM","IN","web",0
2011-06-01,"0","connect to PM","IN","web",0
2011-07-01,"36","connect to PM","IN","web",0
2011-08-01,"0","connect to PM","IN","web",0
2011-09-01,"0","connect to PM","IN","web",0
2011-10-01,"17","connect to PM","IN","web",0
2011-11-01,"0","connect to PM","IN","web",0
2011-12-01,"27","connect to PM","IN","web",0
2012-01-01,"26","connect to PM","IN","web",0
2012-02-01,"0","connect to PM","IN","web",0
2012-03-01,"12","connect to PM","IN","web",0
2012-04-01,"13","connect to PM","IN","web",0
2012-05-01,"0","connect to PM","IN","web",0
2012-06-01,"24","connect to PM","IN","web",0
2012-07-01,"11","connect to PM","IN","web",0
2012-08-01,"0","connect to PM","IN","web",0
2012-09-01,"0","connect to PM","IN","web",0
2012-10-01,"0","connect to PM","IN","web",0
2012-11-01,"11","connect to PM","IN","web",0
2012-12-01,"11","connect to PM","IN","web",0
2013-01-01,"0","connect to PM","IN","web",0
2013-02-01,"11","connect to PM","IN","web",0
2013-03-01,"10","connect to PM","IN","web",0
2013-04-01,"20","connect to PM","IN","web",0
2013-05-01,"0","connect to PM","IN","web",0
2013-06-01,"9","connect to PM","IN","web",0
2013-07-01,"17","connect to PM","IN","web",0
2013-08-01,"13","connect to PM","IN","web",0
2013-09-01,"0","connect to PM","IN","web",0
2013-10-01,"0","connect to PM","IN","web",0
2013-11-01,"0","connect to PM","IN","web",0
2013-12-01,"7","connect to PM","IN","web",0
2014-01-01,"0","connect to PM","IN","web",0
2014-02-01,"7","connect to PM","IN","web",0
2014-03-01,"0","connect to PM","IN","web",0
2014-04-01,"13","connect to PM","IN","web",0
2014-05-01,"24","connect to PM","IN","web",0
2014-06-01,"6","connect to PM","IN","web",0
2014-07-01,"7","connect to PM","IN","web",0
2014-08-01,"18","connect to PM","IN","web",0
2014-09-01,"29","connect to PM","IN","web",0
2014-10-01,"18","connect to PM","IN","web",0
2014-11-01,"7","connect to PM","IN","web",0
2014-12-01,"7","connect to PM","IN","web",0
2015-01-01,"0","connect to PM","IN","web",0
2015-02-01,"7","connect to PM","IN","web",0
2015-03-01,"0","connect to PM","IN","web",0
2015-04-01,"6","connect to PM","IN","web",0
2015-05-01,"6","connect to PM","IN","web",0
2015-06-01,"9","connect to PM","IN","web",0
2015-07-01,"12","connect to PM","IN","web",0
2015-08-01,"9","connect to PM","IN","web",0
2015-09-01,"15","connect to PM","IN","web",0
2015-10-01,"28","connect to PM","IN","web",0
2015-11-01,"13","connect to PM","IN","web",0
2015-12-01,"13","connect to PM","IN","web",0
2016-01-01,"8","connect to PM","IN","web",0
2016-02-01,"8","connect to PM","IN","web",0
2016-03-01,"10","connect to PM","IN","web",0
2016-04-01,"19","connect to PM","IN","web",0
2016-05-01,"10","connect to PM","IN","web",0
2016-06-01,"17","connect to PM","IN","web",0
2016-07-01,"16","connect to PM","IN","web",0
2016-08-01,"19","connect to PM","IN","web",0
2016-09-01,"12","connect to PM","IN","web",0
2016-10-01,"4","connect to PM","IN","web",0
2016-11-01,"13","connect to PM","IN","web",0
2016-12-01,"4","connect to PM","IN","web",0
2017-01-01,"15","connect to PM","IN","web",0
2017-02-01,"10","connect to PM","IN","web",0
2017-03-01,"18","connect to PM","IN","web",0
2017-04-01,"11","connect to PM","IN","web",0
2017-05-01,"11","connect to PM","IN","web",0
2017-06-01,"9","connect to PM","IN","web",0
2017-07-01,"12","connect to PM","IN","web",0
2017-08-01,"17","connect to PM","IN","web",0
2017-09-01,"8","connect to PM","IN","web",0
2017-10-01,"9","connect to PM","IN","web",0
2017-11-01,"11","connect to PM","IN","web",0
2017-12-01,"14","connect to PM","IN","web",0
2018-01-01,"8","connect to PM","IN","web",0
2018-02-01,"14","connect to PM","IN","web",0
2018-03-01,"5","connect to PM","IN","web",0
2018-04-01,"9","connect to PM","IN","web",0
2018-05-01,"11","connect to PM","IN","web",0
2018-06-01,"15","connect to PM","IN","web",0
2018-07-01,"8","connect to PM","IN","web",0
2018-08-01,"16","connect to PM","IN","web",0
2018-09-01,"5","connect to PM","IN","web",0
2018-10-01,"7","connect to PM","IN","web",0
2018-11-01,"11","connect to PM","IN","web",0
2018-12-01,"4","connect to PM","IN","web",0
2004-01-01,"2","narendra modi","IN","web",0
2004-02-01,"1","narendra modi","IN","web",0
2004-03-01,"0","narendra modi","IN","web",0
2004-04-01,"1","narendra modi","IN","web",0
2004-05-01,"1","narendra modi","IN","web",0
2004-06-01,"1","narendra modi","IN","web",0
2004-07-01,"1","narendra modi","IN","web",0
2004-08-01,"<1","narendra modi","IN","web",0
2004-09-01,"1","narendra modi","IN","web",0
2004-10-01,"1","narendra modi","IN","web",0
2004-11-01,"1","narendra modi","IN","web",0
2004-12-01,"<1","narendra modi","IN","web",0
2005-01-01,"<1","narendra modi","IN","web",0
2005-02-01,"<1","narendra modi","IN","web",0
2005-03-01,"2","narendra modi","IN","web",0
2005-04-01,"2","narendra modi","IN","web",0
2005-05-01,"1","narendra modi","IN","web",0
2005-06-01,"1","narendra modi","IN","web",0
2005-07-01,"<1","narendra modi","IN","web",0
2005-08-01,"1","narendra modi","IN","web",0
2005-09-01,"<1","narendra modi","IN","web",0
2005-10-01,"<1","narendra modi","IN","web",0
2005-11-01,"1","narendra modi","IN","web",0
2005-12-01,"1","narendra modi","IN","web",0
2006-01-01,"1","narendra modi","IN","web",0
2006-02-01,"1","narendra modi","IN","web",0
2006-03-01,"1","narendra modi","IN","web",0
2006-04-01,"1","narendra modi","IN","web",0
2006-05-01,"1","narendra modi","IN","web",0
2006-06-01,"<1","narendra modi","IN","web",0
2006-07-01,"1","narendra modi","IN","web",0
2006-08-01,"1","narendra modi","IN","web",0
2006-09-01,"1","narendra modi","IN","web",0
2006-10-01,"1","narendra modi","IN","web",0
2006-11-01,"1","narendra modi","IN","web",0
2006-12-01,"1","narendra modi","IN","web",0
2007-01-01,"1","narendra modi","IN","web",0
2007-02-01,"1","narendra modi","IN","web",0
2007-03-01,"<1","narendra modi","IN","web",0
2007-04-01,"1","narendra modi","IN","web",0
2007-05-01,"1","narendra modi","IN","web",0
2007-06-01,"1","narendra modi","IN","web",0
2007-07-01,"<1","narendra modi","IN","web",0
2007-08-01,"1","narendra modi","IN","web",0
2007-09-01,"1","narendra modi","IN","web",0
2007-10-01,"2","narendra modi","IN","web",0
2007-11-01,"3","narendra modi","IN","web",0
2007-12-01,"14","narendra modi","IN","web",0
2008-01-01,"3","narendra modi","IN","web",0
2008-02-01,"1","narendra modi","IN","web",0
2008-03-01,"1","narendra modi","IN","web",0
2008-04-01,"1","narendra modi","IN","web",0
2008-05-01,"1","narendra modi","IN","web",0
2008-06-01,"1","narendra modi","IN","web",0
2008-07-01,"1","narendra modi","IN","web",0
2008-08-01,"1","narendra modi","IN","web",0
2008-09-01,"2","narendra modi","IN","web",0
2008-10-01,"3","narendra modi","IN","web",0
2008-11-01,"2","narendra modi","IN","web",0
2008-12-01,"2","narendra modi","IN","web",0
2009-01-01,"3","narendra modi","IN","web",0
2009-02-01,"2","narendra modi","IN","web",0
2009-03-01,"3","narendra modi","IN","web",0
2009-04-01,"6","narendra modi","IN","web",0
2009-05-01,"4","narendra modi","IN","web",0
2009-06-01,"2","narendra modi","IN","web",0
2009-07-01,"2","narendra modi","IN","web",0
2009-08-01,"1","narendra modi","IN","web",0
2009-09-01,"2","narendra modi","IN","web",0
2009-10-01,"3","narendra modi","IN","web",0
2009-11-01,"2","narendra modi","IN","web",0
2009-12-01,"2","narendra modi","IN","web",0
2010-01-01,"2","narendra modi","IN","web",0
2010-02-01,"1","narendra modi","IN","web",0
2010-03-01,"4","narendra modi","IN","web",0
2010-04-01,"3","narendra modi","IN","web",0
2010-05-01,"2","narendra modi","IN","web",0
2010-06-01,"3","narendra modi","IN","web",0
2010-07-01,"2","narendra modi","IN","web",0
2010-08-01,"3","narendra modi","IN","web",0
2010-09-01,"3","narendra modi","IN","web",0
2010-10-01,"4","narendra modi","IN","web",0
2010-11-01,"3","narendra modi","IN","web",0
2010-12-01,"3","narendra modi","IN","web",0
2011-01-01,"3","narendra modi","IN","web",0
2011-02-01,"3","narendra modi","IN","web",0
2011-03-01,"3","narendra modi","IN","web",0
2011-04-01,"3","narendra modi","IN","web",0
2011-05-01,"2","narendra modi","IN","web",0
2011-06-01,"2","narendra modi","IN","web",0
2011-07-01,"2","narendra modi","IN","web",0
2011-08-01,"3","narendra modi","IN","web",0
2011-09-01,"11","narendra modi","IN","web",0
2011-10-01,"4","narendra modi","IN","web",0
2011-11-01,"3","narendra modi","IN","web",0
2011-12-01,"2","narendra modi","IN","web",0
2012-01-01,"3","narendra modi","IN","web",0
2012-02-01,"3","narendra modi","IN","web",0
2012-03-01,"4","narendra modi","IN","web",0
2012-04-01,"4","narendra modi","IN","web",0
2012-05-01,"4","narendra modi","IN","web",0
2012-06-01,"5","narendra modi","IN","web",0
2012-07-01,"5","narendra modi","IN","web",0
2012-08-01,"7","narendra modi","IN","web",0
2012-09-01,"9","narendra modi","IN","web",0
2012-10-01,"7","narendra modi","IN","web",0
2012-11-01,"8","narendra modi","IN","web",0
2012-12-01,"19","narendra modi","IN","web",0
2013-01-01,"7","narendra modi","IN","web",0
2013-02-01,"10","narendra modi","IN","web",0
2013-03-01,"11","narendra modi","IN","web",0
2013-04-01,"11","narendra modi","IN","web",0
2013-05-01,"7","narendra modi","IN","web",0
2013-06-01,"16","narendra modi","IN","web",0
2013-07-01,"17","narendra modi","IN","web",0
2013-08-01,"22","narendra modi","IN","web",0
2013-09-01,"40","narendra modi","IN","web",0
2013-10-01,"27","narendra modi","IN","web",0
2013-11-01,"25","narendra modi","IN","web",0
2013-12-01,"21","narendra modi","IN","web",0
2014-01-01,"19","narendra modi","IN","web",0
2014-02-01,"22","narendra modi","IN","web",0
2014-03-01,"26","narendra modi","IN","web",0
2014-04-01,"53","narendra modi","IN","web",0
2014-05-01,"100","narendra modi","IN","web",0
2014-06-01,"31","narendra modi","IN","web",0
2014-07-01,"19","narendra modi","IN","web",0
2014-08-01,"25","narendra modi","IN","web",0
2014-09-01,"40","narendra modi","IN","web",0
2014-10-01,"28","narendra modi","IN","web",0
2014-11-01,"27","narendra modi","IN","web",0
2014-12-01,"21","narendra modi","IN","web",0
2015-01-01,"21","narendra modi","IN","web",0
2015-02-01,"17","narendra modi","IN","web",0
2015-03-01,"11","narendra modi","IN","web",0
2015-04-01,"12","narendra modi","IN","web",0
2015-05-01,"14","narendra modi","IN","web",0
2015-06-01,"15","narendra modi","IN","web",0
2015-07-01,"13","narendra modi","IN","web",0
2015-08-01,"15","narendra modi","IN","web",0
2015-09-01,"20","narendra modi","IN","web",0
2015-10-01,"12","narendra modi","IN","web",0
2015-11-01,"15","narendra modi","IN","web",0
2015-12-01,"14","narendra modi","IN","web",0
2016-01-01,"11","narendra modi","IN","web",0
2016-02-01,"12","narendra modi","IN","web",0
2016-03-01,"11","narendra modi","IN","web",0
2016-04-01,"10","narendra modi","IN","web",0
2016-05-01,"12","narendra modi","IN","web",0
2016-06-01,"14","narendra modi","IN","web",0
2016-07-01,"11","narendra modi","IN","web",0
2016-08-01,"12","narendra modi","IN","web",0
2016-09-01,"15","narendra modi","IN","web",0
2016-10-01,"11","narendra modi","IN","web",0
2016-11-01,"43","narendra modi","IN","web",0
2016-12-01,"25","narendra modi","IN","web",0
2017-01-01,"15","narendra modi","IN","web",0
2017-02-01,"11","narendra modi","IN","web",0
2017-03-01,"14","narendra modi","IN","web",0
2017-04-01,"10","narendra modi","IN","web",0
2017-05-01,"10","narendra modi","IN","web",0
2017-06-01,"12","narendra modi","IN","web",0
2017-07-01,"13","narendra modi","IN","web",0
2017-08-01,"11","narendra modi","IN","web",0
2017-09-01,"15","narendra modi","IN","web",0
2017-10-01,"12","narendra modi","IN","web",0
2017-11-01,"10","narendra modi","IN","web",0
2017-12-01,"11","narendra modi","IN","web",0
2018-01-01,"9","narendra modi","IN","web",0
2018-02-01,"11","narendra modi","IN","web",0
2018-03-01,"9","narendra modi","IN","web",0
2018-04-01,"10","narendra modi","IN","web",0
2018-05-01,"11","narendra modi","IN","web",0
2018-06-01,"10","narendra modi","IN","web",0
2018-07-01,"10","narendra modi","IN","web",0
2018-08-01,"12","narendra modi","IN","web",0
2018-09-01,"12","narendra modi","IN","web",0
2018-10-01,"10","narendra modi","IN","web",0
2018-11-01,"11","narendra modi","IN","web",0
2018-12-01,"12","narendra modi","IN","web",0
2004-01-01,"0","youth empowerment","IN","web",0
2004-02-01,"0","youth empowerment","IN","web",0
2004-03-01,"0","youth empowerment","IN","web",0
2004-04-01,"0","youth empowerment","IN","web",0
2004-05-01,"0","youth empowerment","IN","web",0
2004-06-01,"0","youth empowerment","IN","web",0
2004-07-01,"0","youth empowerment","IN","web",0
2004-08-01,"72","youth empowerment","IN","web",0
2004-09-01,"0","youth empowerment","IN","web",0
2004-10-01,"0","youth empowerment","IN","web",0
2004-11-01,"0","youth empowerment","IN","web",0
2004-12-01,"0","youth empowerment","IN","web",0
2005-01-01,"0","youth empowerment","IN","web",0
2005-02-01,"67","youth empowerment","IN","web",0
2005-03-01,"0","youth empowerment","IN","web",0
2005-04-01,"66","youth empowerment","IN","web",0
2005-05-01,"0","youth empowerment","IN","web",0
2005-06-01,"53","youth empowerment","IN","web",0
2005-07-01,"100","youth empowerment","IN","web",0
2005-08-01,"0","youth empowerment","IN","web",0
2005-09-01,"48","youth empowerment","IN","web",0
2005-10-01,"47","youth empowerment","IN","web",0
2005-11-01,"50","youth empowerment","IN","web",0
2005-12-01,"0","youth empowerment","IN","web",0
2006-01-01,"40","youth empowerment","IN","web",0
2006-02-01,"0","youth empowerment","IN","web",0
2006-03-01,"35","youth empowerment","IN","web",0
2006-04-01,"0","youth empowerment","IN","web",0
2006-05-01,"0","youth empowerment","IN","web",0
2006-06-01,"0","youth empowerment","IN","web",0
2006-07-01,"47","youth empowerment","IN","web",0
2006-08-01,"29","youth empowerment","IN","web",0
2006-09-01,"58","youth empowerment","IN","web",0
2006-10-01,"0","youth empowerment","IN","web",0
2006-11-01,"0","youth empowerment","IN","web",0
2006-12-01,"0","youth empowerment","IN","web",0
2007-01-01,"49","youth empowerment","IN","web",0
2007-02-01,"0","youth empowerment","IN","web",0
2007-03-01,"0","youth empowerment","IN","web",0
2007-04-01,"0","youth empowerment","IN","web",0
2007-05-01,"18","youth empowerment","IN","web",0
2007-06-01,"0","youth empowerment","IN","web",0
2007-07-01,"26","youth empowerment","IN","web",0
2007-08-01,"25","youth empowerment","IN","web",0
2007-09-01,"17","youth empowerment","IN","web",0
2007-10-01,"24","youth empowerment","IN","web",0
2007-11-01,"33","youth empowerment","IN","web",0
2007-12-01,"0","youth empowerment","IN","web",0
2008-01-01,"15","youth empowerment","IN","web",0
2008-02-01,"15","youth empowerment","IN","web",0
2008-03-01,"14","youth empowerment","IN","web",0
2008-04-01,"14","youth empowerment","IN","web",0
2008-05-01,"13","youth empowerment","IN","web",0
2008-06-01,"65","youth empowerment","IN","web",0
2008-07-01,"0","youth empowerment","IN","web",0
2008-08-01,"0","youth empowerment","IN","web",0
2008-09-01,"49","youth empowerment","IN","web",0
2008-10-01,"0","youth empowerment","IN","web",0
2008-11-01,"0","youth empowerment","IN","web",0
2008-12-01,"18","youth empowerment","IN","web",0
2009-01-01,"23","youth empowerment","IN","web",0
2009-02-01,"24","youth empowerment","IN","web",0
2009-03-01,"11","youth empowerment","IN","web",0
2009-04-01,"21","youth empowerment","IN","web",0
2009-05-01,"20","youth empowerment","IN","web",0
2009-06-01,"14","youth empowerment","IN","web",0
2009-07-01,"9","youth empowerment","IN","web",0
2009-08-01,"9","youth empowerment","IN","web",0
2009-09-01,"19","youth empowerment","IN","web",0
2009-10-01,"10","youth empowerment","IN","web",0
2009-11-01,"57","youth empowerment","IN","web",0
2009-12-01,"22","youth empowerment","IN","web",0
2010-01-01,"18","youth empowerment","IN","web",0
2010-02-01,"18","youth empowerment","IN","web",0
2010-03-01,"8","youth empowerment","IN","web",0
2010-04-01,"17","youth empowerment","IN","web",0
2010-05-01,"9","youth empowerment","IN","web",0
2010-06-01,"13","youth empowerment","IN","web",0
2010-07-01,"14","youth empowerment","IN","web",0
2010-08-01,"15","youth empowerment","IN","web",0
2010-09-01,"11","youth empowerment","IN","web",0
2010-10-01,"23","youth empowerment","IN","web",0
2010-11-01,"8","youth empowerment","IN","web",0
2010-12-01,"7","youth empowerment","IN","web",0
2011-01-01,"14","youth empowerment","IN","web",0
2011-02-01,"15","youth empowerment","IN","web",0
2011-03-01,"15","youth empowerment","IN","web",0
2011-04-01,"12","youth empowerment","IN","web",0
2011-05-01,"11","youth empowerment","IN","web",0
2011-06-01,"3","youth empowerment","IN","web",0
2011-07-01,"6","youth empowerment","IN","web",0
2011-08-01,"10","youth empowerment","IN","web",0
2011-09-01,"8","youth empowerment","IN","web",0
2011-10-01,"6","youth empowerment","IN","web",0
2011-11-01,"3","youth empowerment","IN","web",0
2011-12-01,"4","youth empowerment","IN","web",0
2012-01-01,"9","youth empowerment","IN","web",0
2012-02-01,"11","youth empowerment","IN","web",0
2012-03-01,"8","youth empowerment","IN","web",0
2012-04-01,"9","youth empowerment","IN","web",0
2012-05-01,"6","youth empowerment","IN","web",0
2012-06-01,"5","youth empowerment","IN","web",0
2012-07-01,"7","youth empowerment","IN","web",0
2012-08-01,"9","youth empowerment","IN","web",0
2012-09-01,"11","youth empowerment","IN","web",0
2012-10-01,"13","youth empowerment","IN","web",0
2012-11-01,"7","youth empowerment","IN","web",0
2012-12-01,"4","youth empowerment","IN","web",0
2013-01-01,"12","youth empowerment","IN","web",0
2013-02-01,"17","youth empowerment","IN","web",0
2013-03-01,"10","youth empowerment","IN","web",0
2013-04-01,"8","youth empowerment","IN","web",0
2013-05-01,"7","youth empowerment","IN","web",0
2013-06-01,"16","youth empowerment","IN","web",0
2013-07-01,"9","youth empowerment","IN","web",0
2013-08-01,"8","youth empowerment","IN","web",0
2013-09-01,"16","youth empowerment","IN","web",0
2013-10-01,"10","youth empowerment","IN","web",0
2013-11-01,"13","youth empowerment","IN","web",0
2013-12-01,"12","youth empowerment","IN","web",0
2014-01-01,"15","youth empowerment","IN","web",0
2014-02-01,"16","youth empowerment","IN","web",0
2014-03-01,"14","youth empowerment","IN","web",0
2014-04-01,"10","youth empowerment","IN","web",0
2014-05-01,"11","youth empowerment","IN","web",0
2014-06-01,"11","youth empowerment","IN","web",0
2014-07-01,"11","youth empowerment","IN","web",0
2014-08-01,"9","youth empowerment","IN","web",0
2014-09-01,"9","youth empowerment","IN","web",0
2014-10-01,"7","youth empowerment","IN","web",0
2014-11-01,"11","youth empowerment","IN","web",0
2014-12-01,"9","youth empowerment","IN","web",0
2015-01-01,"10","youth empowerment","IN","web",0
2015-02-01,"7","youth empowerment","IN","web",0
2015-03-01,"8","youth empowerment","IN","web",0
2015-04-01,"5","youth empowerment","IN","web",0
2015-05-01,"6","youth empowerment","IN","web",0
2015-06-01,"7","youth empowerment","IN","web",0
2015-07-01,"8","youth empowerment","IN","web",0
2015-08-01,"14","youth empowerment","IN","web",0
2015-09-01,"10","youth empowerment","IN","web",0
2015-10-01,"7","youth empowerment","IN","web",0
2015-11-01,"7","youth empowerment","IN","web",0
2015-12-01,"6","youth empowerment","IN","web",0
2016-01-01,"11","youth empowerment","IN","web",0
2016-02-01,"7","youth empowerment","IN","web",0
2016-03-01,"9","youth empowerment","IN","web",0
2016-04-01,"8","youth empowerment","IN","web",0
2016-05-01,"5","youth empowerment","IN","web",0
2016-06-01,"5","youth empowerment","IN","web",0
2016-07-01,"8","youth empowerment","IN","web",0
2016-08-01,"12","youth empowerment","IN","web",0
2016-09-01,"10","youth empowerment","IN","web",0
2016-10-01,"8","youth empowerment","IN","web",0
2016-11-01,"8","youth empowerment","IN","web",0
2016-12-01,"7","youth empowerment","IN","web",0
2017-01-01,"10","youth empowerment","IN","web",0
2017-02-01,"9","youth empowerment","IN","web",0
2017-03-01,"9","youth empowerment","IN","web",0
2017-04-01,"7","youth empowerment","IN","web",0
2017-05-01,"4","youth empowerment","IN","web",0
2017-06-01,"4","youth empowerment","IN","web",0
2017-07-01,"6","youth empowerment","IN","web",0
2017-08-01,"10","youth empowerment","IN","web",0
2017-09-01,"9","youth empowerment","IN","web",0
2017-10-01,"6","youth empowerment","IN","web",0
2017-11-01,"7","youth empowerment","IN","web",0
2017-12-01,"3","youth empowerment","IN","web",0
2018-01-01,"6","youth empowerment","IN","web",0
2018-02-01,"6","youth empowerment","IN","web",0
2018-03-01,"7","youth empowerment","IN","web",0
2018-04-01,"10","youth empowerment","IN","web",0
2018-05-01,"9","youth empowerment","IN","web",0
2018-06-01,"5","youth empowerment","IN","web",0
2018-07-01,"9","youth empowerment","IN","web",0
2018-08-01,"8","youth empowerment","IN","web",0
2018-09-01,"8","youth empowerment","IN","web",0
2018-10-01,"5","youth empowerment","IN","web",0
2018-11-01,"5","youth empowerment","IN","web",0
2018-12-01,"6","youth empowerment","IN","web",0
